filenames,x,y,Width,Height,Score,Label
Person10_10,363,995,777,1237,0.31961,eyeball
Person10_10,464,14,2309,2917,0.40247,yellowBag
Person10_11,777,1035,807,1143,0.3996,eyeball
Person10_11,666,14,2319,2473,0.36124,yellowBag
Person10_12,14,756,914,1260,0.51042,cloudSign
Person10_12,14,71,1264,1381,0.27642,cupcakePaper
Person10_12,1519,1734,699,656,0.29295,eyeball
Person10_12,2326,787,216,1250,0.38914,pinkCandle
Person10_12,14,21,1613,1452,0.29994,pumpkinNotes
Person10_12,2272,1089,968,1946,0.29704,sign
Person10_12,189,172,1076,1190,0.33765,hairClip
Person10_13,212,54,1573,1855,0.31585,canadaPencil
Person10_13,1331,14,978,1546,0.42838,cloudSign
Person10_13,1402,14,1301,1600,0.35396,partyFavor
Person10_13,1250,2890,313,1156,0.27454,pinkCandle
Person10_13,11,14,877,2420,0.32945,sign
Person10_14,938,968,908,1694,0.28246,cloudSign
Person10_14,1008,1318,777,1103,0.37117,eyeball
Person10_14,1452,807,323,1586,0.48129,pinkCandle
Person10_14,1452,955,746,3092,0.51899,sign
Person10_15,1865,820,787,3186,0.44922,sign
Person10_16,958,14,1321,3320,0.34404,canadaPencil
Person10_16,1351,1694,535,1533,0.35424,pinkCandle
Person10_16,1311,14,615,2662,0.59521,sign
Person10_17,3199,11,793,928,0.25478,cloudSign
Person10_17,2930,1684,1116,716,0.35547,eyeball
Person10_17,14,1644,1600,1392,0.32169,partyFavor
Person10_17,14,11,1855,1654,0.26094,pumpkinNotes
Person10_17,1479,1160,1331,444,0.35003,blueSunglasses
Person10_17,3119,1563,928,1039,0.5674,hairClip
Person10_17,2487,293,484,454,0.58108,lavenderDie
Person10_18,817,1506,1170,1828,0.36059,birdCall
Person10_18,1140,1412,958,2030,0.51458,cloudSign
Person10_18,787,1600,1220,1694,0.29215,metalKey
Person10_18,777,1291,1250,1801,0.43582,partyFavor
Person10_18,1472,1734,283,1412,0.39594,pinkCandle
Person10_18,1321,14,1452,2151,0.3719,pumpkinNotes
Person10_18,756,2420,877,619,0.38673,blueSunglasses
Person10_18,1200,1600,827,1788,0.44634,hairClip
Person10_18,1079,14,1956,2258,0.26281,yellowBag
Person10_19,605,578,313,1439,0.4586,pinkCandle
Person10_19,323,14,847,3253,0.42084,sign
Person10_1,1986,1963,948,1506,0.42038,cloudSign
Person10_1,1069,834,686,928,0.46997,eyeball
Person10_1,1452,2003,1210,1439,0.34568,metalKey
Person10_1,575,901,373,1371,0.44701,pinkCandle
Person10_1,11,2057,1714,1990,0.27677,yellowBag
Person10_20,1311,1896,1724,2151,0.26726,canadaPencil
Person10_20,1240,1304,797,1654,0.43664,cloudSign
Person10_20,1210,1734,837,888,0.30554,eyeball
Person10_20,1361,2460,1402,1586,0.27148,metalKey
Person10_20,767,1694,2268,2352,0.54538,noisemaker
Person10_20,11,1479,1220,2568,0.44828,partyFavor
Person10_20,353,14,807,1560,0.39494,hairClip
Person10_20,1835,14,1200,3119,0.41101,yellowBag
Person10_21,1502,1627,1129,2258,0.25953,cupcakePaper
Person10_21,807,1062,333,1062,0.26691,pinkCandle
Person10_21,535,95,888,3481,0.6133,sign
Person10_22,1230,498,1210,2137,0.33454,birdCall
Person10_22,1543,511,998,2124,0.43138,cloudSign
Person10_22,1059,390,706,713,0.2993,eyeball
Person10_22,646,2191,202,1129,0.30262,pinkCandle
Person10_22,11,14,948,2702,0.28163,sign
Person10_23,1845,336,847,1855,0.33265,cloudSign
Person10_23,11,95,1986,3952,0.34881,paperPlate
Person10_23,303,578,1321,3145,0.39816,pumpkinNotes
Person10_23,575,1909,817,484,0.32904,blueSunglasses
Person10_24,454,1156,575,1331,0.38064,cloudSign
Person10_24,1210,14,1291,2084,0.30438,cupcakePaper
Person10_24,1291,2850,656,928,0.37766,eyeball
Person10_24,918,14,1875,2393,0.37154,pumpkinNotes
Person10_24,968,14,1764,2487,0.54555,yellowBag
Person10_25,807,11,2715,1220,0.29372,canadaPencil
Person10_25,2366,11,1277,1150,0.27079,cloudSign
Person10_25,753,121,538,827,0.29975,pinkCandle
Person10_25,2688,81,659,2571,0.27272,sign
Person10_25,672,11,2971,1351,0.52685,silverStraw
Person10_2,212,54,1573,1855,0.31585,canadaPencil
Person10_2,1331,14,978,1546,0.42838,cloudSign
Person10_2,1402,14,1301,1600,0.35396,partyFavor
Person10_2,1250,2890,313,1156,0.27454,pinkCandle
Person10_2,11,14,877,2420,0.32945,sign
Person10_3,1230,498,1210,2137,0.33454,birdCall
Person10_3,1543,511,998,2124,0.43138,cloudSign
Person10_3,1059,390,706,713,0.2993,eyeball
Person10_3,646,2191,202,1129,0.30262,pinkCandle
Person10_3,11,14,948,2702,0.28163,sign
Person10_4,817,1358,1200,2164,0.29549,birdCall
Person10_4,2027,901,474,847,0.26543,eyeball
Person10_4,1109,1008,182,1156,0.28589,pinkCandle
Person10_4,1996,135,545,2877,0.25063,sign
Person10_4,1795,1089,1240,2675,0.27117,yellowBag
Person10_5,982,11,1183,2914,0.7015,sign
Person10_6,726,454,552,1029,0.32657,pinkCandle
Person10_6,14,11,2124,2047,0.314,pumpkinNotes
Person10_6,1586,847,565,2188,0.29623,sign
Person10_6,1613,1623,2272,1412,0.36206,yellowBag
Person10_7,1785,1707,1250,2339,0.329,birdCall
Person10_7,1392,1801,867,1828,0.27627,cloudSign
Person10_7,1603,350,928,1922,0.28494,cupcakePaper
Person10_7,1442,2621,787,820,0.27515,eyeball
Person10_7,1392,14,1341,2326,0.37026,pumpkinNotes
Person10_7,1210,14,1694,2809,0.57557,yellowBag
Person10_8,928,780,1392,3266,0.42043,pumpkinNotes
Person10_9,414,1210,696,793,0.29382,eyeball
Person10_9,1502,390,1533,2944,0.35062,yellowBag
Person11_10,1667,606,947,690,0.39162,cloudSign
Person11_10,1574,438,1134,1062,0.28643,cupcakePaper
Person11_10,1627,396,974,384,0.40625,eyeball
Person11_10,1987,690,360,552,0.35623,pinkCandle
Person11_10,1427,90,894,1470,0.45009,sign
Person11_11,3027,966,987,750,0.33737,cloudSign
Person11_11,614,744,1894,1062,0.31967,cupcakePaper
Person11_11,3040,1050,974,378,0.26191,eyeball
Person11_11,1534,6,1214,1338,0.48464,sign
Person11_12,627,726,1880,1080,0.35406,cupcakePaper
Person11_12,2760,1014,1080,426,0.31426,eyeball
Person11_12,1894,6,1054,1236,0.50619,sign
Person11_13,14,498,1427,1200,0.25981,cupcakePaper
Person11_14,14,6,1414,588,0.29628,cloudSign
Person11_14,2520,924,1494,882,0.31732,cupcakePaper
Person11_14,1787,6,720,1638,0.34343,sign
Person11_15,1934,768,1547,894,0.30221,cloudSign
Person11_15,480,474,1614,1224,0.35724,cupcakePaper
Person11_15,1747,6,800,1776,0.29298,sign
Person11_16,1160,1296,214,384,0.26619,pinkCandle
Person11_16,720,750,1134,1056,0.46627,sign
Person11_16,2427,858,1134,744,0.46255,hairClip
Person11_17,1654,318,387,522,0.47937,pinkCandle
Person11_17,1214,6,1280,1362,0.53936,sign
Person11_17,14,96,1867,1464,0.3824,yellowBag
Person11_18,1867,198,1094,1608,0.26247,canadaPencil
Person11_18,2227,750,347,684,0.47604,pinkCandle
Person11_18,1614,48,1094,1542,0.575,sign
Person11_18,14,234,2334,1446,0.45386,yellowBag
Person11_19,1894,294,1614,1044,0.32516,canadaPencil
Person11_19,800,978,1520,828,0.27918,cupcakePaper
Person11_19,2134,54,614,780,0.33314,pinkCandle
Person11_19,1907,6,1627,1302,0.64507,sign
Person11_19,1854,6,2160,1344,0.25786,silverStraw
Person11_1,2054,480,1294,678,0.25928,cloudSign
Person11_1,14,6,1400,882,0.31496,cupcakePaper
Person11_1,2520,648,920,384,0.27138,eyeball
Person11_1,1894,558,1640,804,0.29804,metalKey
Person11_1,1174,6,1920,684,0.42572,partyFavor
Person11_1,2814,120,400,654,0.25522,pinkCandle
Person11_1,2534,6,934,1362,0.53333,sign
Person11_20,720,636,1107,630,0.27384,cloudSign
Person11_20,2094,6,1814,1236,0.40412,cupcakePaper
Person11_20,1067,72,400,516,0.30364,pinkCandle
Person11_20,747,6,1054,948,0.52341,sign
Person11_20,2240,972,320,240,0.53143,lavenderDie
Person11_21,1707,744,1987,1062,0.28943,cupcakePaper
Person11_21,947,162,1267,1578,0.35841,sign
Person11_22,1960,822,360,540,0.28603,pinkCandle
Person11_22,1014,438,1107,1368,0.52687,sign
Person11_23,1374,162,1547,810,0.30647,birdCall
Person11_23,2280,414,254,600,0.25803,pinkCandle
Person11_23,1320,180,1614,1050,0.55088,pumpkinNotes
Person11_23,2320,6,1347,1200,0.37327,sign
Person11_23,1520,390,1827,918,0.36429,trophy
Person11_23,1640,696,1014,270,0.35694,blueSunglasses
Person11_23,1267,330,1160,768,0.41854,hairClip
Person11_24,254,1416,1454,390,0.26978,eyeball
Person11_24,827,918,347,606,0.31348,pinkCandle
Person11_25,1827,516,1787,1290,0.2834,canadaPencil
Person11_25,1467,1014,1360,792,0.46673,cloudSign
Person11_25,94,1242,1267,492,0.27748,eyeball
Person11_25,2240,696,387,798,0.41039,pinkCandle
Person11_25,1640,6,1600,984,0.50779,pumpkinNotes
Person11_25,2307,438,827,1368,0.36151,sign
Person11_26,1547,690,1200,774,0.44418,cloudSign
Person11_26,2014,588,267,738,0.34529,pinkCandle
Person11_27,1267,534,1147,846,0.47428,cloudSign
Person11_27,1974,360,307,702,0.32048,pinkCandle
Person11_27,94,456,1227,1350,0.39348,sign
Person11_27,1280,642,1160,378,0.26531,blueSunglasses
Person11_28,2120,576,1160,738,0.55604,cloudSign
Person11_28,2200,594,467,498,0.3816,pinkCandle
Person11_28,2947,1236,1067,570,0.30446,redWhistle
Person11_28,347,6,1307,1482,0.55868,sign
Person11_29,1534,1134,1240,672,0.43489,cloudSign
Person11_29,2680,438,1334,1368,0.36026,sign
Person11_29,3107,1146,907,660,0.28543,hairClip
Person11_2,1867,378,1120,882,0.31318,cloudSign
Person11_2,14,528,1454,1128,0.33226,cupcakePaper
Person11_2,1347,228,1574,696,0.39062,metalKey
Person11_30,840,6,1454,840,0.42112,cloudSign
Person11_30,2747,912,467,630,0.27455,pinkCandle
Person11_30,534,630,1494,1176,0.28387,pumpkinNotes
Person11_30,2387,342,1227,1464,0.41944,sign
Person11_30,2307,384,1360,1374,0.29187,silverStraw
Person11_3,1067,630,1027,414,0.39409,eyeball
Person11_4,1880,1266,1094,450,0.25094,eyeball
Person11_4,1067,996,1574,810,0.38321,partyFavor
Person11_4,2267,576,374,516,0.31916,pinkCandle
Person11_4,1814,132,1240,1638,0.54234,sign
Person11_5,1747,204,1920,1266,0.34297,cupcakePaper
Person11_5,707,6,1174,1086,0.4977,sign
Person11_5,480,36,2160,1302,0.4186,silverStraw
Person11_6,1800,612,1800,1194,0.31978,cupcakePaper
Person11_6,1094,6,947,1134,0.46162,sign
Person11_6,467,6,2200,1386,0.27971,silverStraw
Person11_7,1854,666,1694,1104,0.33546,cupcakePaper
Person11_7,1640,6,1000,1266,0.46877,sign
Person11_7,14,510,2294,1146,0.28367,yellowBag
Person11_8,1187,174,1907,1320,0.31401,cupcakePaper
Person11_8,14,24,894,1614,0.28003,sign
Person11_9,134,144,1734,1110,0.28343,cupcakePaper
Person11_9,2000,804,840,318,0.26932,eyeball
Person11_9,987,6,587,1488,0.26656,sign
Person12_10,1037,600,2817,1959,0.34051,canadaPencil
Person12_10,709,1567,1089,611,0.27093,eyeball
Person12_10,398,576,4009,2028,0.60441,noisemaker
Person12_10,1176,1164,260,1406,0.25291,pinkCandle
Person12_11,1832,2074,1106,1394,0.26503,cloudSign
Person12_11,1141,1268,1089,738,0.2748,eyeball
Person12_11,4476,1129,294,1440,0.29146,pinkCandle
Person12_11,3197,1060,2005,2063,0.28861,pumpkinNotes
Person12_11,1780,1464,1245,2005,0.35226,sign
Person12_12,1106,358,1884,1993,0.2551,birdCall
Person12_12,1832,795,1089,1060,0.42383,cloudSign
Person12_12,1141,611,1020,1026,0.27935,eyeball
Person12_12,778,553,294,1118,0.30163,pinkCandle
Person12_12,1141,1210,3232,2258,0.31955,pumpkinNotes
Person12_12,1642,438,778,3030,0.49298,sign
Person12_12,1417,1187,3456,2281,0.43854,yellowBalloon
Person12_12,1141,968,1798,761,0.51062,blueSunglasses
Person12_12,1331,749,1435,1245,0.46908,hairClip
Person12_12,1746,991,588,634,0.26327,lavenderDie
Person12_12,1487,1026,3318,2443,0.62506,yellowBag
Person12_13,4079,957,1124,818,0.25493,eyeball
Person12_14,3370,853,1694,1440,0.2516,cloudSign
Person12_14,536,12,3733,2235,0.40091,yellowBag
Person12_15,2472,81,450,415,0.2986,cloudSign
Person12_15,1608,1291,1590,1118,0.4521,eyeball
Person12_15,1798,1498,1884,1164,0.31681,redWhistle
Person12_15,2126,1602,571,496,0.30719,lavenderDie
Person12_15,18,519,3232,2673,0.25545,yellowBag
Person12_1,3629,1993,1227,761,0.32144,eyeball
Person12_1,3405,2086,225,1037,0.28632,pinkCandle
Person12_1,3163,2063,1504,530,0.28486,blueSunglasses
Person12_2,2247,911,1003,1809,0.30204,cloudSign
Person12_2,18,254,1953,2189,0.25109,cupcakePaper
Person12_2,3076,1037,1642,634,0.29464,eyeball
Person12_3,2886,1487,2316,1648,0.34026,canadaPencil
Person12_3,1193,991,1728,807,0.25042,eyeball
Person12_3,2299,12,2904,2201,0.268,yellowBag
Person12_5,1901,1717,934,1210,0.483,eyeball
Person12_5,2886,2258,2316,1210,0.25604,yellowBag
Person12_6,778,1049,1746,1579,0.34231,cloudSign
Person12_6,18,12,2264,1844,0.25328,cupcakePaper
Person12_6,1780,1152,1227,922,0.25077,eyeball
Person12_6,519,1383,2281,1429,0.53016,metalKey
Person12_6,985,795,2109,2120,0.3487,partyFavor
Person12_6,1020,1590,519,1014,0.26925,pinkCandle
Person12_6,571,680,2178,2788,0.37824,sign
Person12_6,744,1752,1849,657,0.36932,blueSunglasses
Person12_7,2575,12,1124,876,0.3681,eyeball
Person12_7,18,1498,2333,1970,0.38525,pumpkinNotes
Person12_7,2454,277,1400,646,0.35054,blueSunglasses
Person12_7,1037,81,3508,2028,0.25977,yellowBag
Person12_8,2264,1245,899,738,0.31351,eyeball
Person12_8,3111,335,1521,519,0.30504,blueSunglasses
Person12_8,2109,1279,605,600,0.71554,lavenderDie
Person12_8,1763,818,2748,2535,0.58493,yellowBag
Person13_10,2003,406,861,451,0.28648,eyeball
Person13_10,1398,281,1506,667,0.27598,metalKey
Person13_10,2016,66,256,856,0.26914,pinkCandle
Person13_10,2594,144,1439,1791,0.61639,sign
Person13_10,1304,301,1721,647,0.5558,blueSunglasses
Person13_10,1842,210,1197,876,0.56653,hairClip
Person13_10,14,582,2460,1386,0.31434,yellowBag
Person13_11,928,275,1882,1255,0.62218,birdCall
Person13_11,1156,700,820,686,0.34492,cloudSign
Person13_11,968,504,1197,549,0.42258,eyeball
Person13_11,847,373,2084,1346,0.43421,pumpkinNotes
Person13_11,659,549,1828,1033,0.25858,trophy
Person13_11,1748,869,1385,340,0.39503,blueSunglasses
Person13_11,995,484,1183,876,0.47141,hairClip
Person13_12,1398,477,1492,856,0.2549,birdCall
Person13_12,1869,915,1129,798,0.33359,cloudSign
Person13_12,1210,490,1277,569,0.32401,eyeball
Person13_12,2339,1157,793,628,0.49736,pinkCandle
Person13_12,888,484,820,1379,0.28213,sign
Person13_12,1210,530,1909,1046,0.40205,trophy
Person13_12,968,784,1237,223,0.29526,blueSunglasses
Person13_12,1586,641,1129,869,0.76247,hairClip
Person13_13,363,909,1277,817,0.49189,cloudSign
Person13_13,1156,758,1425,856,0.41163,cupcakePaper
Person13_13,229,1274,982,392,0.29077,eyeball
Person13_13,229,804,1519,811,0.43327,partyFavor
Person13_13,807,876,390,647,0.29013,pinkCandle
Person13_13,793,249,982,1588,0.30053,sign
Person13_13,968,1170,1250,301,0.25118,blueSunglasses
Person13_13,1412,7,2635,954,0.34783,yellowBag
Person13_14,1103,144,1560,1778,0.35777,canadaPencil
Person13_14,1318,20,1089,909,0.27199,cloudSign
Person13_14,1439,125,2030,1274,0.28634,cupcakePaper
Person13_14,1936,7,2111,1516,0.48801,pumpkinNotes
Person13_14,995,7,592,1157,0.30171,sign
Person13_14,1344,157,2285,1203,0.25708,yellowBalloon
Person13_14,2326,830,1398,425,0.36628,blueSunglasses
Person13_14,14,14,982,700,0.39438,hairClip
Person13_14,2554,425,1492,1268,0.46354,stickerBox
Person13_14,1492,66,1909,1118,0.35735,yellowBag
Person13_15,283,471,2043,1170,0.56888,birdCall
Person13_15,955,517,1224,745,0.39598,cloudSign
Person13_15,511,588,1022,660,0.54155,eyeball
Person13_15,740,1033,1129,281,0.29845,blueSunglasses
Person13_15,404,517,1210,830,0.51003,hairClip
Person13_15,1439,7,2030,1046,0.26917,yellowBag
Person13_16,1318,817,2232,1150,0.3922,birdCall
Person13_16,2608,549,1439,1418,0.31507,canadaPencil
Person13_16,1465,419,1358,967,0.29524,cloudSign
Person13_16,1627,79,1627,1105,0.34157,cupcakePaper
Person13_16,2258,758,955,575,0.31452,eyeball
Person13_16,861,157,3172,1810,0.48872,paperPlate
Person13_16,1156,595,2016,1372,0.48885,pumpkinNotes
Person13_16,1304,869,1721,634,0.4381,blueSunglasses
Person13_16,1398,46,1546,1176,0.53434,stickerBox
Person13_17,471,340,1640,1118,0.29942,birdCall
Person13_17,108,510,2998,1039,0.26367,canadaPencil
Person13_17,444,608,1116,843,0.34912,cloudSign
Person13_17,578,7,229,497,0.33959,pinkCandle
Person13_17,363,569,1291,667,0.36352,redWhistle
Person13_17,14,7,1533,1157,0.6219,sign
Person13_17,793,843,1600,392,0.3591,blueSunglasses
Person13_18,1640,732,484,340,0.34745,lavenderDie
Person13_18,834,680,2635,1288,0.40215,yellowBag
Person13_19,1371,562,968,654,0.29448,cloudSign
Person13_19,1022,438,1183,647,0.61664,eyeball
Person13_19,1089,347,1533,843,0.28934,pumpkinNotes
Person13_19,1089,419,1546,954,0.35321,redWhistle
Person13_19,1412,745,914,308,0.25151,blueSunglasses
Person13_19,1277,379,1156,817,0.32889,hairClip
Person13_19,1371,412,982,1013,0.59883,stickerBox
Person13_19,27,654,2554,1314,0.42872,yellowBag
Person13_1,888,726,1963,1190,0.38448,birdCall
Person13_1,1479,7,1963,1065,0.25136,canadaPencil
Person13_1,417,314,1156,889,0.46061,cloudSign
Person13_1,1143,412,1479,1007,0.29641,cupcakePaper
Person13_1,1479,1255,1344,458,0.34396,eyeball
Person13_1,498,7,1600,1065,0.36451,partyFavor
Person13_1,874,419,269,706,0.2656,pinkCandle
Person13_1,457,314,2245,1190,0.50765,pumpkinNotes
Person13_1,888,7,269,1353,0.44635,sign
Person13_1,538,118,2111,1588,0.27285,trophy
Person13_1,1022,321,1721,602,0.40599,blueSunglasses
Person13_1,484,288,1062,713,0.29662,hairClip
Person13_1,780,471,1613,1451,0.25934,stickerBox
Person13_20,14,451,1519,902,0.3589,birdCall
Person13_20,1667,824,955,667,0.25938,cloudSign
Person13_20,1627,1085,1103,458,0.53599,eyeball
Person13_20,14,438,1479,1209,0.33999,pumpkinNotes
Person13_20,1680,824,1492,1000,0.2642,redWhistle
Person13_20,14,7,1022,1033,0.38008,sign
Person13_20,14,504,1640,1386,0.33338,trophy
Person13_20,1721,974,901,739,0.37989,hairClip
Person13_20,1842,1105,619,438,0.60702,lavenderDie
Person13_20,1586,882,1156,909,0.58974,stickerBox
Person13_20,847,7,2043,1340,0.25139,yellowBag
Person13_21,2433,7,1613,739,0.28854,birdCall
Person13_21,874,1105,834,680,0.2692,cloudSign
Person13_21,847,1176,888,569,0.51696,eyeball
Person13_21,1103,1372,377,477,0.27008,pinkCandle
Person13_21,444,935,1654,1033,0.26134,pumpkinNotes
Person13_21,3011,471,1035,1497,0.31267,sign
Person13_21,982,1392,605,412,0.5628,lavenderDie
Person13_21,753,1190,1089,778,0.40698,stickerBox
Person13_22,1412,1190,941,543,0.43802,eyeball
Person13_22,1869,1307,511,334,0.71352,lavenderDie
Person13_22,1748,980,2299,987,0.35152,yellowBag
Person13_23,216,804,941,726,0.36416,cloudSign
Person13_23,54,1085,1318,484,0.48181,eyeball
Person13_23,14,869,1600,889,0.34653,pumpkinNotes
Person13_23,14,804,1479,1013,0.25019,redWhistle
Person13_23,189,909,1049,856,0.34656,hairClip
Person13_23,148,771,1143,1150,0.42595,stickerBox
Person13_23,162,7,2850,1007,0.31243,yellowBag
Person13_24,767,523,1627,1046,0.52275,birdCall
Person13_24,1439,543,834,713,0.36106,cloudSign
Person13_24,982,791,1210,804,0.42462,hairClip
Person13_25,1680,458,1533,863,0.43447,cloudSign
Person13_25,2030,484,874,582,0.33074,eyeball
Person13_25,2030,608,242,602,0.28866,pinkCandle
Person13_25,1425,954,1439,713,0.42211,redWhistle
Person13_25,1694,203,390,1673,0.33592,sign
Person13_25,2016,778,861,255,0.34596,blueSunglasses
Person13_25,2003,438,874,673,0.49267,stickerBox
Person13_26,1533,294,1250,935,0.56375,cloudSign
Person13_26,1761,131,767,471,0.4161,eyeball
Person13_26,1398,72,1506,863,0.26621,partyFavor
Person13_26,2151,889,565,595,0.5274,pinkCandle
Person13_26,1896,373,1103,1595,0.57569,sign
Person13_26,1465,406,1412,425,0.27234,blueSunglasses
Person13_26,417,419,1170,713,0.37393,hairClip
Person13_27,928,196,1896,1111,0.38461,birdCall
Person13_27,1049,7,1640,994,0.45965,cloudSign
Person13_27,1116,190,1573,850,0.28084,cupcakePaper
Person13_27,1828,726,646,340,0.42989,eyeball
Person13_27,1385,504,1546,811,0.4173,metalKey
Person13_27,1264,66,1183,876,0.39908,partyFavor
Person13_27,1654,210,431,562,0.43665,pinkCandle
Person13_27,982,412,1775,1000,0.25398,pumpkinNotes
Person13_27,1492,7,753,1320,0.34146,sign
Person13_27,1465,660,1412,504,0.5989,blueSunglasses
Person13_27,1304,523,1116,791,0.53503,hairClip
Person13_27,2809,1588,431,321,0.37051,lavenderDie
Person13_27,632,713,3078,1255,0.41094,yellowBag
Person13_28,646,667,1882,1033,0.25358,birdCall
Person13_28,1049,654,1022,732,0.31248,cloudSign
Person13_28,1264,961,1183,458,0.57662,eyeball
Person13_28,1721,784,283,549,0.36569,pinkCandle
Person13_28,1049,719,1076,686,0.54162,hairClip
Person13_28,1425,621,2621,1346,0.283,yellowBag
Person13_29,431,1052,2299,915,0.50257,birdCall
Person13_29,888,673,1358,987,0.35798,cloudSign
Person13_29,820,634,1573,1105,0.31577,cupcakePaper
Person13_29,14,7,3145,1751,0.59966,paperPlate
Person13_29,256,7,2111,1301,0.46146,pumpkinNotes
Person13_29,471,33,511,1934,0.2795,sign
Person13_29,605,275,1936,1516,0.3581,vancouverCards
Person13_29,592,1346,1412,523,0.46104,blueSunglasses
Person13_29,1129,7,1452,1176,0.30359,stickerBox
Person13_2,336,98,1936,1046,0.56588,birdCall
Person13_2,2568,20,336,686,0.31942,pinkCandle
Person13_2,699,412,1788,726,0.61423,blueSunglasses
Person13_30,1170,504,1990,1065,0.46752,cloudSign
Person13_30,1734,700,336,700,0.27876,pinkCandle
Person13_30,1277,608,1801,1144,0.26626,pumpkinNotes
Person13_30,1546,59,1183,869,0.26616,redWhistle
Person13_30,565,7,1465,1843,0.41688,sign
Person13_30,1385,1039,1533,288,0.38688,blueSunglasses
Person13_30,1734,706,834,713,0.41806,stickerBox
Person13_31,2272,7,1775,1660,0.33674,canadaPencil
Person13_31,2527,125,941,700,0.38472,cloudSign
Person13_31,2420,7,1170,536,0.38036,eyeball
Person13_31,1385,641,377,530,0.44274,pinkCandle
Person13_31,2057,7,1949,876,0.37136,pumpkinNotes
Person13_31,699,556,1183,700,0.31834,redWhistle
Person13_31,767,686,1062,1281,0.41723,sign
Person13_31,2272,92,1492,504,0.376,blueSunglasses
Person13_31,726,549,1156,745,0.72275,hairClip
Person13_31,2648,7,1318,1111,0.25555,stickerBox
Person13_31,686,686,2944,1281,0.25373,yellowBag
Person13_32,229,438,1560,1209,0.44627,birdCall
Person13_32,363,641,1264,791,0.40878,cloudSign
Person13_32,1277,1085,1237,497,0.33211,eyeball
Person13_32,1062,562,471,706,0.37234,pinkCandle
Person13_32,780,765,1613,1203,0.25857,pumpkinNotes
Person13_32,3092,360,955,1608,0.4709,sign
Person13_32,767,229,1089,1379,0.3189,trophy
Person13_32,646,830,1331,432,0.34443,blueSunglasses
Person13_32,404,660,1224,811,0.66194,hairClip
Person13_32,995,7,2877,1340,0.25382,yellowBag
Person13_33,1089,7,2137,1085,0.46297,birdCall
Person13_33,2097,151,1277,922,0.3625,cloudSign
Person13_33,2500,432,1035,399,0.429,eyeball
Person13_33,1936,183,1586,896,0.47323,metalKey
Person13_33,81,967,1855,1000,0.29337,pumpkinNotes
Person13_33,753,314,1613,1216,0.26654,trophy
Person13_33,1277,373,1210,504,0.38834,blueSunglasses
Person13_33,1022,27,1170,686,0.45431,hairClip
Person13_33,14,843,2702,1124,0.29332,yellowBag
Person13_34,1103,477,1560,850,0.31878,birdCall
Person13_34,914,582,1344,896,0.37976,cloudSign
Person13_34,1103,758,968,301,0.33691,eyeball
Person13_34,753,334,1627,896,0.35161,partyFavor
Person13_34,1439,752,310,569,0.27174,pinkCandle
Person13_34,2124,386,1922,1294,0.32665,pumpkinNotes
Person13_34,646,438,1318,1529,0.36175,sign
Person13_34,14,582,1815,1203,0.53118,silverStraw
Person13_34,1049,523,1116,798,0.44528,hairClip
Person13_35,1156,980,847,680,0.34546,cloudSign
Person13_35,1304,909,1089,549,0.36862,eyeball
Person13_35,2258,7,1788,1366,0.30114,pumpkinNotes
Person13_35,2124,7,1922,1438,0.34348,yellowBag
Person13_36,1506,334,1331,634,0.46935,eyeball
Person13_36,41,451,1371,1516,0.58794,sign
Person13_37,740,719,1049,602,0.25473,cloudSign
Person13_37,1116,837,928,438,0.50292,eyeball
Person13_37,726,7,1143,1248,0.54531,sign
Person13_37,888,1065,820,242,0.41131,blueSunglasses
Person13_37,753,673,1103,784,0.48931,hairClip
Person13_37,1049,896,471,308,0.56919,lavenderDie
Person13_37,1976,647,2070,1320,0.40382,yellowBag
Person13_3,1143,85,1479,784,0.51344,birdCall
Person13_3,2258,445,1546,915,0.39744,cloudSign
Person13_3,1734,27,793,654,0.30325,eyeball
Person13_3,2756,745,525,608,0.36334,pinkCandle
Person13_3,914,85,1896,804,0.3354,pumpkinNotes
Person13_3,1103,1013,1492,608,0.44297,redWhistle
Person13_3,2460,392,1129,1575,0.41109,sign
Person13_3,1600,92,1116,504,0.41435,blueSunglasses
Person13_3,2568,575,928,686,0.46329,hairClip
Person13_3,2796,739,471,327,0.29099,lavenderDie
Person13_3,2339,713,1707,1216,0.36078,yellowBag
Person13_4,753,654,1089,778,0.43724,cloudSign
Person13_4,726,588,1170,667,0.26961,cupcakePaper
Person13_4,1089,353,982,562,0.36689,eyeball
Person13_4,1439,595,336,634,0.34561,pinkCandle
Person13_4,1035,778,1076,242,0.3192,blueSunglasses
Person13_4,1035,549,1076,713,0.37487,stickerBox
Person13_4,1788,7,2258,1235,0.34652,yellowBag
Person13_5,41,406,1922,980,0.49423,cloudSign
Person13_5,1533,889,1237,856,0.26459,cupcakePaper
Person13_5,1062,588,1008,373,0.35311,eyeball
Person13_5,484,242,1600,1052,0.29724,metalKey
Person13_5,457,157,1654,967,0.34992,partyFavor
Person13_5,3078,732,457,641,0.28778,pinkCandle
Person13_5,1143,654,1452,504,0.41019,blueSunglasses
Person13_5,605,464,847,634,0.4445,hairClip
Person13_5,3374,1444,404,321,0.25176,lavenderDie
Person13_6,605,706,1922,1242,0.47983,birdCall
Person13_6,242,994,2111,941,0.30291,metalKey
Person13_6,1936,268,417,719,0.39512,pinkCandle
Person13_6,1721,249,874,1562,0.44142,sign
Person13_6,686,210,1815,562,0.42712,blueSunglasses
Person13_6,1210,1059,1344,856,0.62551,hairClip
Person13_7,1304,915,1089,798,0.37934,cloudSign
Person13_7,1224,575,1869,1392,0.40116,pumpkinNotes
Person13_7,834,582,2057,1386,0.29256,trophy
Person13_8,1492,125,1318,726,0.25781,cupcakePaper
Person13_8,511,1386,955,445,0.35543,eyeball
Person13_8,202,987,431,700,0.2675,pinkCandle
Person13_8,2635,7,1344,1007,0.45363,sign
Person13_9,1412,902,861,817,0.36574,cloudSign
Person13_9,1506,347,1291,582,0.3109,eyeball
Person13_9,713,223,2312,1601,0.28308,paperPlate
Person13_9,780,138,2151,1536,0.48046,pumpkinNotes
Person13_9,14,543,1412,1000,0.28841,silverStraw
Person13_9,1331,1170,1062,308,0.30401,blueSunglasses
Person13_9,1156,517,1439,1078,0.49712,stickerBox
Person14_10,228,422,836,1184,0.27714,canadaPencil
Person14_10,216,646,520,646,0.31742,metalKey
Person14_10,404,720,144,502,0.30752,pinkCandle
Person14_11,452,192,552,1072,0.79328,pumpkinNotes
Person14_11,516,784,432,134,0.28801,blueSunglasses
Person14_12,296,758,520,848,0.46585,birdCall
Person14_12,236,182,460,1115,0.45865,cloudSign
Person14_12,76,347,436,352,0.25291,eyeball
Person14_12,508,416,68,432,0.28196,pinkCandle
Person14_12,264,662,580,944,0.68242,pumpkinNotes
Person14_12,476,1062,340,256,0.30517,blueSunglasses
Person14_13,768,566,436,806,0.32405,birdCall
Person14_13,592,544,96,427,0.31076,pinkCandle
Person14_13,280,64,556,1344,0.34537,sign
Person14_13,128,6,856,934,0.29971,yellowBag
Person14_14,852,1030,284,368,0.2564,eyeball
Person14_14,56,1008,496,598,0.27529,trophy
Person14_15,756,6,448,704,0.58566,birdCall
Person14_15,848,6,268,528,0.26327,cloudSign
Person14_15,480,784,492,822,0.27399,cupcakePaper
Person14_15,228,427,304,390,0.39375,eyeball
Person14_16,212,6,696,1030,0.2795,canadaPencil
Person14_16,60,934,480,299,0.37337,blueSunglasses
Person14_17,548,944,532,662,0.25232,birdCall
Person14_17,428,326,76,614,0.45448,pinkCandle
Person14_17,64,566,296,598,0.26464,hairClip
Person14_18,198,520,400,416,0.27516,eyeball
Person14_18,304,4,166,224,0.39624,lavenderDie
Person14_18,6,4,907,812,0.31458,yellowBag
Person14_19,704,587,500,992,0.2716,cupcakePaper
Person14_19,488,390,304,1216,0.25418,sign
Person14_1,148,6,648,902,0.28027,birdCall
Person14_1,396,406,480,880,0.26069,cloudSign
Person14_1,336,918,260,326,0.31266,eyeball
Person14_1,844,608,292,998,0.31406,sign
Person14_1,80,1227,272,155,0.25643,blueSunglasses
Person14_3,736,310,156,411,0.2845,pinkCandle
Person14_3,412,619,112,240,0.55948,lavenderDie
Person14_3,376,139,708,1200,0.29667,yellowBag
Person14_4,280,614,560,939,0.28156,birdCall
Person14_4,380,838,340,278,0.37844,eyeball
Person14_4,464,48,184,470,0.30442,pinkCandle
Person14_4,936,6,264,1536,0.41641,sign
Person14_4,680,219,524,1254,0.25641,silverStraw
Person14_4,312,742,316,208,0.26127,blueSunglasses
Person14_4,568,944,132,283,0.49701,lavenderDie
Person14_4,292,491,360,736,0.36114,stickerBox
Person14_4,364,6,840,1003,0.38769,yellowBag
Person14_5,456,656,376,608,0.34578,cloudSign
Person14_5,472,662,324,379,0.5376,eyeball
Person14_5,444,758,376,416,0.49805,redWhistle
Person14_5,140,6,320,1110,0.51523,sign
Person14_5,80,6,600,1099,0.28283,silverStraw
Person14_5,496,870,292,192,0.3975,blueSunglasses
Person14_5,512,704,260,539,0.28299,hairClip
Person14_5,580,758,96,192,0.28729,lavenderDie
Person14_5,480,715,336,528,0.28989,stickerBox
Person14_5,620,6,584,1003,0.31903,yellowBag
Person14_6,444,320,392,838,0.5377,cloudSign
Person14_6,416,438,284,379,0.26475,eyeball
Person14_6,584,384,112,491,0.32725,pinkCandle
Person14_6,372,342,540,555,0.25077,pumpkinNotes
Person14_6,472,427,352,1179,0.28388,sign
Person14_6,464,534,364,182,0.3775,blueSunglasses
Person14_6,552,368,176,534,0.29654,stickerBox
Person14_7,272,358,388,731,0.28947,cloudSign
Person14_7,312,459,304,347,0.38642,eyeball
Person14_7,416,774,280,139,0.36831,blueSunglasses
Person14_8,108,59,736,1099,0.33985,canadaPencil
Person14_8,128,1051,328,491,0.31123,cloudSign
Person14_8,152,720,288,534,0.25874,eyeball
Person14_8,204,240,536,774,0.28827,metalKey
Person14_8,292,224,184,587,0.30615,pinkCandle
Person14_8,196,6,376,1339,0.3573,sign
Person14_8,32,64,868,1110,0.29802,silverStraw
Person14_9,188,112,744,1222,0.45474,canadaPencil
Person14_9,452,459,364,534,0.27932,cloudSign
Person14_9,328,363,628,752,0.47351,metalKey
Person14_9,180,230,928,1030,0.28161,noisemaker
Person14_9,152,192,464,891,0.3041,partyFavor
Person14_9,384,336,176,592,0.36838,pinkCandle
Person14_9,192,6,392,1366,0.40451,sign
Person15_10,360,352,568,784,0.36464,birdCall
Person15_10,452,427,368,614,0.38013,cloudSign
Person15_10,828,6,312,342,0.40912,eyeball
Person15_10,272,795,568,811,0.31217,pumpkinNotes
Person15_10,452,427,384,651,0.39599,trophy
Person15_10,544,603,364,262,0.30932,blueSunglasses
Person15_11,344,464,428,768,0.3196,birdCall
Person15_11,328,6,116,438,0.33105,pinkCandle
Person15_11,240,6,292,1110,0.58796,sign
Person15_11,508,870,100,198,0.37695,lavenderDie
Person15_11,340,6,780,1014,0.3681,yellowBag
Person15_12,676,160,268,240,0.50719,eyeball
Person15_12,4,6,788,1168,0.29638,yellowBag
Person15_13,,,2437,1936,0.32095,birdCall
Person15_13,,,1210,1060,0.28255,cloudSign
Person15_13,,,1227,795,0.44348,eyeball
Person15_13,,,2212,1752,0.48049,metalKey
Person15_13,,,2160,1867,0.549,pumpkinNotes
Person15_13,,,1919,1521,0.32624,trophy
Person15_13,,,2126,1152,0.46949,blueSunglasses
Person15_13,,,1296,1279,0.46236,hairClip
Person15_13,,,1158,1567,0.41891,stickerBox
Person15_1,4,6,600,934,0.30253,noisemaker
Person15_1,636,763,540,843,0.3176,pumpkinNotes
Person15_1,900,6,304,955,0.34451,sign
Person15_2,56,859,308,640,0.39154,cloudSign
Person15_2,4,6,516,1078,0.29212,noisemaker
Person15_2,680,22,96,768,0.2657,pinkCandle
Person15_2,744,38,460,944,0.25232,yellowBag
Person15_3,4,6,436,827,0.36188,birdCall
Person15_3,580,790,120,587,0.29104,pinkCandle
Person15_3,416,6,464,662,0.25546,pumpkinNotes
Person15_3,476,224,328,1382,0.61677,sign
Person15_4,124,320,528,843,0.26695,pumpkinNotes
Person15_4,236,624,472,982,0.56268,sign
Person15_4,1024,262,92,267,0.4553,lavenderDie
Person15_5,388,107,504,806,0.3356,birdCall
Person15_5,352,134,232,502,0.37299,cloudSign
Person15_5,196,102,216,384,0.33192,eyeball
Person15_5,428,880,588,726,0.29632,redWhistle
Person15_5,456,326,376,630,0.46181,hairClip
Person15_5,244,144,104,267,0.41534,lavenderDie
Person15_5,4,155,592,1168,0.35987,yellowBag
Person15_6,316,6,484,688,0.32755,birdCall
Person15_6,644,731,356,502,0.30745,eyeball
Person15_6,128,6,176,1115,0.2789,sign
Person15_6,412,128,292,555,0.39603,hairClip
Person15_6,824,950,124,246,0.49125,lavenderDie
Person15_7,4,422,624,1184,0.38175,yellowBag
Person15_9,416,448,620,811,0.43095,birdCall
Person15_9,188,256,224,704,0.28106,cloudSign
Person15_9,516,438,260,406,0.25501,eyeball
Person15_9,456,198,544,1094,0.35399,pumpkinNotes
Person15_9,500,283,448,923,0.25381,trophy
Person15_9,552,496,352,251,0.29442,blueSunglasses
Person16_10,861,1402,901,847,0.274,eyeball
Person16_10,619,1150,1358,1361,0.25933,metalKey
Person16_1,552,132,1479,1654,0.26546,cloudSign
Person16_1,1936,242,995,595,0.37741,eyeball
Person16_1,1170,1563,1976,1422,0.30332,metalKey
Person16_1,54,1664,1896,1371,0.45555,partyFavor
Person16_1,1949,1764,390,998,0.26103,pinkCandle
Person16_1,1089,615,995,2410,0.495,sign
Person16_2,847,1049,1465,1140,0.396,metalKey
Person16_2,1694,686,336,575,0.49177,pinkCandle
Person16_2,202,2440,484,484,0.30989,lavenderDie
Person16_2,14,1109,2648,1926,0.51237,yellowBag
Person16_3,14,232,1533,1885,0.25314,cupcakePaper
Person16_3,2258,303,363,928,0.26862,pinkCandle
Person16_3,1855,11,1183,2047,0.63764,sign
Person16_3,2500,1361,431,484,0.27918,lavenderDie
Person16_3,14,11,2393,2359,0.30378,yellowBag
Person16_4,1506,1129,1882,1815,0.49701,birdCall
Person16_4,2016,1240,861,1150,0.2872,cloudSign
Person16_4,1896,1573,1103,525,0.26092,eyeball
Person16_4,982,11,1224,2793,0.56342,sign
Person16_4,1815,1260,1250,686,0.33248,blueSunglasses
Person16_4,2500,1351,390,504,0.25347,lavenderDie
Person16_5,242,1392,2137,1644,0.30012,birdCall
Person16_5,310,1734,1371,1301,0.35585,cloudSign
Person16_5,2245,232,1801,2299,0.46634,pumpkinNotes
Person16_5,2823,1019,1224,2016,0.42054,sign
Person16_6,941,1220,1291,1633,0.39773,cloudSign
Person16_6,1076,706,1573,1412,0.25652,partyFavor
Person16_6,2514,1230,417,1250,0.37031,pinkCandle
Person16_6,1842,716,646,2178,0.25861,sign
Person16_6,1465,1694,1385,686,0.27574,blueSunglasses
Person16_7,565,1583,1465,1452,0.45919,birdCall
Person16_7,2232,736,968,1281,0.28069,cloudSign
Person16_7,2205,101,498,888,0.26786,pinkCandle
Person16_7,1224,232,1264,1019,0.51023,redWhistle
Person16_7,1815,11,1277,2047,0.40116,sign
Person16_8,2635,11,1358,1996,0.43926,sign
Person16_9,955,1835,1842,1200,0.33116,birdCall
Person16_9,1089,2057,982,807,0.43103,cloudSign
Person16_9,1022,2087,1156,797,0.3727,eyeball
Person16_9,1439,565,1425,1240,0.49202,metalKey
Person16_9,995,1775,1748,1260,0.31493,partyFavor
Person16_9,1533,1059,686,1129,0.40656,pinkCandle
Person16_9,1546,444,1250,2319,0.48377,sign
Person16_9,1197,1845,1344,827,0.35555,blueSunglasses
Person16_9,1963,494,928,988,0.67681,hairClip
Person16_9,1224,1885,767,1150,0.39057,stickerBox
Person17_10,1078,1118,871,1037,0.34184,cloudSign
Person17_10,1360,931,784,784,0.26979,eyeball
Person17_10,1284,245,1382,1420,0.27789,pumpkinNotes
Person17_10,1469,841,1023,572,0.29864,blueSunglasses
Person17_11,1056,1118,893,1029,0.30354,cloudSign
Person17_12,1034,1069,969,1151,0.40944,cloudSign
Person17_12,1589,931,795,392,0.26617,blueSunglasses
Person17_13,11,376,1654,1494,0.30205,yellowBag
Person17_14,670,1480,963,1491,0.27816,birdCall
Person17_14,1861,566,596,1382,0.28132,cloudSign
Person17_15,2546,1143,708,988,0.26887,cloudSign
Person17_15,1458,1200,1012,906,0.25031,redWhistle
Person17_15,2274,466,806,278,0.2862,blueSunglasses
Person17_15,11,9,1861,1176,0.3418,yellowBag
Person17_16,1992,188,893,1167,0.3152,cloudSign
Person17_16,871,327,827,588,0.25676,eyeball
Person17_16,773,139,1034,931,0.61617,redWhistle
Person17_16,2590,9,653,2057,0.3002,sign
Person17_17,1643,457,218,996,0.31954,pinkCandle
Person17_17,1023,564,1469,1437,0.29285,pumpkinNotes
Person17_17,653,9,806,1975,0.33351,sign
Person17_18,1295,523,893,1192,0.36454,cloudSign
Person17_18,468,898,697,498,0.47018,eyeball
Person17_18,1807,9,1263,653,0.79887,redWhistle
Person17_18,2470,1127,806,1331,0.39744,sign
Person17_18,185,963,795,335,0.3312,blueSunglasses
Person17_18,11,694,806,923,0.71122,hairClip
Person17_19,727,577,825,1339,0.34255,cloudSign
Person17_19,1159,534,629,1012,0.3307,eyeball
Person17_19,1224,1306,172,893,0.3059,pinkCandle
Person17_19,115,1295,645,403,0.26418,blueSunglasses
Person17_19,74,512,735,1600,0.36765,hairClip
Person17_19,474,1720,245,534,0.5656,lavenderDie
Person17_19,9,1524,1159,1752,0.34203,yellowBag
Person17_1,1600,1641,272,759,0.38198,pinkCandle
Person17_1,1317,939,871,1518,0.59372,sign
Person17_20,9,610,1257,1730,0.26615,canadaPencil
Person17_20,564,1360,800,1676,0.29914,cloudSign
Person17_20,1355,1088,604,882,0.29548,eyeball
Person17_20,1265,1360,735,1186,0.49202,redWhistle
Person17_20,1706,1371,751,1905,0.31861,sign
Person17_20,1159,1480,653,512,0.29737,blueSunglasses
Person17_20,1192,1143,621,1230,0.39362,hairClip
Person17_21,417,860,735,1730,0.43287,cloudSign
Person17_21,1861,229,596,697,0.32816,eyeball
Person17_21,343,1437,898,621,0.25578,blueSunglasses
Person17_22,637,55,988,1970,0.4531,birdCall
Person17_22,180,991,849,1437,0.42615,cloudSign
Person17_22,1632,218,776,1186,0.28528,cupcakePaper
Person17_22,1355,2318,596,719,0.30955,eyeball
Person17_22,539,1001,156,1034,0.31065,pinkCandle
Person17_22,400,1110,776,795,0.33455,blueSunglasses
Person17_22,433,1339,1053,1937,0.38118,stickerBox
Person17_23,1388,120,898,1785,0.31199,cloudSign
Person17_23,1020,1143,539,806,0.33771,eyeball
Person17_24,98,1665,1029,1611,0.30903,birdCall
Person17_24,1045,251,523,1078,0.37745,cloudSign
Person17_24,1176,251,629,1197,0.38299,eyeball
Person17_24,417,11,1086,1284,0.38467,metalKey
Person17_25,931,1654,1110,1622,0.40772,birdCall
Person17_25,963,1437,670,1056,0.39181,cloudSign
Person17_25,1265,784,1135,1458,0.30092,pumpkinNotes
Person17_25,1649,893,384,2383,0.29143,sign
Person17_25,9,806,1216,2361,0.49361,yellowBag
Person17_26,11,1502,1273,955,0.45267,birdCall
Person17_26,1067,1412,860,808,0.28516,cloudSign
Person17_26,969,1045,632,890,0.42565,eyeball
Person17_26,1393,1159,218,996,0.26583,pinkCandle
Person17_26,1230,213,980,776,0.2781,redWhistle
Person17_26,11,9,1295,1486,0.28573,yellowBag
Person17_27,9,11,1020,1654,0.35568,birdCall
Person17_29,414,776,2242,1681,0.25191,canadaPencil
Person17_29,305,82,980,1061,0.40364,cloudSign
Person17_29,1839,278,262,678,0.29287,pinkCandle
Person17_29,77,9,1023,1943,0.64636,sign
Person17_29,1360,408,1208,408,0.29452,blueSunglasses
Person17_2,1589,972,1284,1404,0.33049,pumpkinNotes
Person17_2,164,482,838,1951,0.47819,sign
Person17_2,1426,800,1850,1657,0.26022,yellowBag
Person17_30,327,800,980,1012,0.40206,cloudSign
Person17_30,1491,702,947,539,0.34291,eyeball
Person17_30,1110,1110,349,751,0.35667,pinkCandle
Person17_30,88,58,1001,2130,0.6428,sign
Person17_30,1154,874,1176,531,0.3177,blueSunglasses
Person17_31,1486,566,670,1371,0.26304,cloudSign
Person17_31,1216,1252,539,588,0.264,eyeball
Person17_31,539,1067,1176,2209,0.31,pumpkinNotes
Person17_31,678,1589,914,1197,0.61781,redWhistle
Person17_32,1224,642,890,1709,0.29404,birdCall
Person17_32,833,1633,604,1121,0.44229,cloudSign
Person17_32,890,1861,482,686,0.2718,eyeball
Person17_32,931,11,1086,1132,0.42469,redWhistle
Person17_32,1575,175,531,2166,0.26274,sign
Person17_32,898,1676,841,599,0.32609,blueSunglasses
Person17_32,9,1284,1086,1992,0.31999,yellowBag
Person17_33,515,1306,914,1796,0.25626,birdCall
Person17_33,147,1622,2008,1578,0.26754,canadaPencil
Person17_33,694,1926,547,1012,0.36054,cloudSign
Person17_33,865,392,547,893,0.30957,eyeball
Person17_33,33,664,792,1186,0.30365,redWhistle
Person17_33,751,2253,784,370,0.26806,blueSunglasses
Person17_34,874,1143,531,1154,0.41524,cloudSign
Person17_34,972,11,686,719,0.31629,eyeball
Person17_34,1167,1828,612,1284,0.352,hairClip
Person17_34,1339,2155,253,544,0.33363,lavenderDie
Person17_34,1404,11,1053,2176,0.37099,yellowBag
Person17_35,9,512,555,1502,0.32951,cloudSign
Person17_35,1902,871,555,860,0.26765,eyeball
Person17_36,1681,1328,653,1263,0.34654,cloudSign
Person17_36,123,1894,621,653,0.2897,eyeball
Person17_36,1959,599,457,2677,0.32744,sign
Person17_37,923,11,751,1241,0.26497,cloudSign
Person17_37,1192,175,572,817,0.4595,eyeball
Person17_37,433,762,678,947,0.52712,redWhistle
Person17_37,637,740,645,2536,0.42926,sign
Person17_38,1926,871,506,1230,0.31331,cloudSign
Person17_38,1845,795,612,1001,0.27301,eyeball
Person17_38,9,1578,1502,1698,0.28821,silverStraw
Person17_38,9,370,1608,2905,0.2652,yellowBalloon
Person17_38,1894,991,564,1078,0.57187,hairClip
Person17_38,319,1219,1290,1981,0.42832,yellowBag
Person17_39,751,1687,751,566,0.46641,blueSunglasses
Person17_3,490,441,1132,1347,0.27858,birdCall
Person17_3,381,515,882,939,0.27533,hairClip
Person17_40,1273,784,1437,1363,0.31447,birdCall
Person17_40,1589,996,784,931,0.30295,cloudSign
Person17_40,1535,1086,893,474,0.52148,eyeball
Person17_40,1513,1339,936,262,0.29056,blueSunglasses
Person17_40,1545,931,882,1135,0.27389,hairClip
Person17_40,1774,1265,370,408,0.43715,lavenderDie
Person17_41,893,1200,1219,1224,0.38254,cloudSign
Person17_41,1045,1584,914,506,0.70479,eyeball
Person17_41,1360,1518,338,637,0.30407,pinkCandle
Person17_41,1371,972,305,319,0.26597,lavenderDie
Person17_42,9,2035,645,1241,0.28945,cloudSign
Person17_43,939,1012,727,1415,0.46818,cloudSign
Person17_43,906,1088,449,882,0.44664,eyeball
Person17_43,963,1807,694,1469,0.27756,sign
Person17_43,1249,1545,466,381,0.32512,blueSunglasses
Person17_43,1371,1469,204,523,0.42478,lavenderDie
Person17_43,1037,490,1420,2013,0.2966,yellowBag
Person17_44,9,1295,580,1981,0.5153,sign
Person17_45,515,381,914,1785,0.31306,birdCall
Person17_45,1143,1154,637,762,0.37605,eyeball
Person17_45,408,1219,759,577,0.41781,blueSunglasses
Person17_45,1363,1263,229,414,0.58182,lavenderDie
Person17_46,768,109,1110,1817,0.27671,canadaPencil
Person17_47,90,11,1061,1502,0.2659,birdCall
Person17_47,629,1339,670,1937,0.29092,canadaPencil
Person17_47,74,1186,1820,2089,0.33974,noisemaker
Person17_47,9,11,988,1763,0.44435,partyFavor
Person17_47,1012,1121,278,1252,0.36016,pinkCandle
Person17_47,262,11,351,2166,0.39924,sign
Person17_47,1208,1317,172,349,0.3472,lavenderDie
Person17_48,972,729,670,1535,0.26651,cloudSign
Person17_48,808,849,661,893,0.29889,eyeball
Person17_49,1094,218,1143,1611,0.32578,birdCall
Person17_49,1347,501,612,664,0.54131,eyeball
Person17_49,9,22,645,2492,0.29602,sign
Person17_49,1265,838,792,425,0.37888,blueSunglasses
Person17_49,539,914,1551,2361,0.44849,yellowBag
Person17_4,11,1428,1317,1029,0.25941,birdCall
Person17_4,2089,302,1121,972,0.71889,redWhistle
Person17_4,1219,637,1545,621,0.30187,blueSunglasses
Person17_4,1371,849,1905,1608,0.47233,yellowBag
Person17_50,547,1099,1184,1741,0.55084,birdCall
Person17_50,1127,1208,694,1502,0.26108,cloudSign
Person17_50,539,893,1551,2383,0.39502,pumpkinNotes
Person17_50,376,1176,466,2100,0.32396,sign
Person17_50,1061,1578,849,784,0.30734,blueSunglasses
Person17_50,539,1208,1551,1959,0.35433,yellowBag
Person17_51,9,11,621,1545,0.2733,cloudSign
Person17_51,1069,218,506,3025,0.25068,sign
Person17_51,1208,1056,1249,2220,0.33914,yellowBag
Person17_52,229,708,1477,1535,0.2513,canadaPencil
Person17_52,9,2557,523,719,0.39348,eyeball
Person17_53,1086,11,1135,1785,0.26336,pumpkinNotes
Person17_54,1420,2176,498,544,0.43261,eyeball
Person17_54,768,11,1437,1817,0.28994,pumpkinNotes
Person17_54,931,2176,768,523,0.34849,blueSunglasses
Person17_54,955,1894,343,642,0.3517,lavenderDie
Person17_54,9,838,1347,2438,0.31696,yellowBag
Person17_55,294,327,229,457,0.39917,lavenderDie
Person17_55,531,11,1559,1633,0.46985,yellowBag
Person17_56,629,664,1029,2122,0.26983,canadaPencil
Person17_56,1535,1360,588,817,0.39213,eyeball
Person17_56,1184,1121,939,1263,0.45825,redWhistle
Person17_56,9,1165,710,675,0.32006,blueSunglasses
Person17_57,808,1045,621,991,0.30868,eyeball
Person17_57,882,11,1192,1752,0.34524,pumpkinNotes
Person17_58,1437,825,588,923,0.28387,cloudSign
Person17_58,2057,408,795,759,0.35136,eyeball
Person17_58,1426,1567,164,890,0.38259,pinkCandle
Person17_58,1567,612,1295,327,0.3818,blueSunglasses
Person17_59,1494,11,702,2046,0.39891,sign
Person17_5,272,490,1078,1265,0.31686,birdCall
Person17_5,1458,882,1012,539,0.37856,eyeball
Person17_5,142,139,2720,2318,0.39239,paperPlate
Person17_5,1937,523,523,1543,0.26954,sign
Person17_5,403,147,806,963,0.6468,hairClip
Person17_60,482,327,980,1861,0.32176,birdCall
Person17_60,482,827,980,1839,0.62206,pumpkinNotes
Person17_61,1306,1654,1061,1556,0.49072,birdCall
Person17_61,1706,1894,596,1382,0.28415,cloudSign
Person17_61,1502,1643,955,1633,0.27618,partyFavor
Person17_61,1910,1545,204,1360,0.39834,pinkCandle
Person17_61,686,1556,1224,1720,0.27331,trophy
Person17_62,890,980,841,1480,0.34479,cloudSign
Person17_62,1102,1295,449,947,0.3849,eyeball
Person17_62,1469,11,988,2318,0.26253,pumpkinNotes
Person17_62,1265,1241,1135,1981,0.31025,trophy
Person17_62,1020,1545,580,360,0.38278,blueSunglasses
Person17_62,1543,1872,621,1230,0.36587,hairClip
Person17_62,1004,1491,270,468,0.43482,lavenderDie
Person17_62,9,11,1649,2438,0.57072,yellowBag
Person17_63,1284,180,1393,1200,0.36981,birdCall
Person17_63,2209,1004,914,1290,0.4771,cloudSign
Person17_63,1132,9,1230,874,0.3184,metalKey
Person17_63,904,9,1665,1233,0.29677,partyFavor
Person17_63,1850,327,272,906,0.30242,pinkCandle
Person17_63,2361,327,632,2130,0.39979,sign
Person17_63,1263,661,1437,580,0.42385,blueSunglasses
Person17_63,2198,1192,947,963,0.26919,hairClip
Person17_64,1720,1649,1556,808,0.31739,redWhistle
Person17_64,795,9,969,1828,0.5871,sign
Person17_6,1948,123,1328,1641,0.5018,birdCall
Person17_6,2068,686,740,849,0.29212,cloudSign
Person17_6,2296,156,773,588,0.33021,eyeball
Person17_6,1970,629,1306,1045,0.50319,partyFavor
Person17_6,11,1135,806,1322,0.34282,sign
Person17_6,1774,376,871,874,0.33636,hairClip
Person17_7,319,1295,1306,1981,0.37818,birdCall
Person17_7,9,1915,612,1360,0.25315,cloudSign
Person17_8,1839,9,1437,1437,0.26399,pumpkinNotes
Person17_9,1165,719,653,792,0.26486,cloudSign
Person17_9,936,58,240,759,0.30697,pinkCandle
Person18_1,1694,1187,2178,1821,0.43435,birdCall
Person18_1,2333,1510,1642,1625,0.33904,cloudSign
Person18_1,1694,1659,1400,888,0.46418,eyeball
Person18_1,4320,12,605,1268,0.36916,pinkCandle
Person18_1,3854,12,1348,2028,0.4157,sign
Person18_1,1642,1567,2281,1049,0.47396,blueSunglasses
Person18_1,1746,1083,1348,1590,0.38144,hairClip
Person18_1,1504,12,3266,2316,0.48922,yellowBag
Person18_2,3249,2304,1245,1106,0.32333,eyeball
Person18_2,2230,715,398,1291,0.35995,pinkCandle
Person18_2,1746,2385,1988,1083,0.46129,redWhistle
Person18_2,3042,12,1677,2362,0.35243,sign
Person18_2,18,12,3301,2178,0.27364,yellowBag
Person18_3,2904,1475,1193,795,0.53896,eyeball
Person18_3,2541,1268,1245,1176,0.37908,hairClip
Person18_3,2886,1579,519,519,0.9073,lavenderDie
Person18_3,571,1106,3664,2362,0.40972,yellowBag
Person18_4,2126,2604,519,507,0.77588,lavenderDie
Person18_4,968,415,3612,2823,0.3882,yellowBag
Person18_5,1158,646,1694,1383,0.4757,redWhistle
Person18_5,3802,12,1400,2431,0.44502,sign
Person18_5,1832,12,3370,1809,0.38456,yellowBag
Person18_6,2040,2339,744,1014,0.40939,pinkCandle
Person18_6,1625,1003,1590,2466,0.67781,sign
Person18_6,2178,1060,3024,2408,0.50775,yellowBag
Person18_7,1936,1210,1677,1268,0.441,cloudSign
Person18_7,1815,1775,1988,1613,0.29046,cupcakePaper
Person18_7,2091,81,605,1072,0.38694,pinkCandle
Person18_7,1832,12,2610,1936,0.33144,vancouverCards
Person18_7,1970,2201,1608,761,0.27636,blueSunglasses
Person18_8,2195,968,1141,1176,0.33408,cloudSign
Person18_8,3681,1694,1141,818,0.32377,eyeball
Person18_8,1970,1049,2351,1590,0.66809,metalKey
Person18_8,2973,957,329,1337,0.25017,pinkCandle
Person18_8,3059,12,2143,2016,0.28391,pumpkinNotes
Person18_8,2022,507,2264,2662,0.28272,sign
Person18_8,2817,1521,1366,669,0.37614,blueSunglasses
Person18_8,1608,841,1625,1590,0.3843,hairClip
Person18_8,2195,1417,2627,2051,0.32277,yellowBag
Person18_9,432,2166,1625,1291,0.353,cloudSign
Person18_9,1452,2512,467,957,0.35563,pinkCandle
Person18_9,2627,1233,1677,1199,0.68381,redWhistle
Person18_9,1366,1556,1400,1913,0.40753,sign
Person18_9,1728,980,2057,726,0.4033,blueSunglasses
Person18_9,951,1487,1400,1256,0.60384,hairClip
Person19_1,2005,841,1504,1037,0.81419,eyeball
Person19_1,1400,703,2005,1268,0.38749,redWhistle
Person19_1,1884,1176,1037,358,0.50227,blueSunglasses
Person19_1,1832,726,1176,1268,0.5581,hairClip
Person19_1,2074,1083,657,542,0.60364,lavenderDie
Person19_1,346,922,3387,2546,0.32872,yellowBag
Person19_2,1625,1533,1521,1152,0.79541,eyeball
Person19_2,1089,1394,1867,1348,0.28738,redWhistle
Person19_2,1158,841,1798,2005,0.31845,trophy
Person19_2,1832,1855,1124,461,0.39383,blueSunglasses
Person19_2,1400,1510,1262,1222,0.7982,hairClip
Person19_2,1728,1809,588,565,0.44578,lavenderDie
Person19_2,1642,841,3560,2477,0.50909,yellowBag
Person19_3,1677,957,1452,1775,0.28984,cloudSign
Person19_3,1608,81,1556,565,0.34603,eyeball
Person19_3,2264,911,346,1394,0.37157,pinkCandle
Person19_3,2109,680,623,2304,0.26414,sign
Person19_4,1849,507,1055,1164,0.4184,cloudSign
Person19_4,1210,208,2437,1809,0.26977,pumpkinNotes
Person19_4,1659,1325,1331,1049,0.68956,redWhistle
Person19_4,1953,2235,916,1233,0.30791,sign
Person19_4,1245,196,2333,1867,0.33631,trophy
Person19_4,1694,911,1435,369,0.28474,blueSunglasses
Person19_4,1608,381,1625,1521,0.47941,hairClip
Person19_5,1763,738,1262,1210,0.46177,cloudSign
Person19_5,1193,1325,1659,576,0.26777,eyeball
Person19_5,1089,231,2627,1763,0.29721,pumpkinNotes
Person19_5,1210,1475,1608,1233,0.65834,redWhistle
Person19_5,1435,358,2005,1521,0.25764,trophy
Person19_5,1798,911,1210,404,0.25989,blueSunglasses
Person19_5,1763,669,1279,1417,0.60544,hairClip
Person19_6,2281,1740,985,1164,0.30037,cloudSign
Person19_6,2281,1003,312,1717,0.30298,pinkCandle
Person19_6,2316,427,1590,1337,0.31935,redWhistle
Person19_6,2247,646,1072,2351,0.26793,sign
Person19_7,1867,1371,2558,1947,0.3775,birdCall
Person19_7,2247,1636,1798,1832,0.25164,canadaPencil
Person19_7,1919,450,1677,1291,0.35404,cloudSign
Person19_7,2057,1222,2212,1740,0.3073,cupcakePaper
Person19_7,18,81,4977,3387,0.39782,paperPlate
Person19_7,2195,288,381,1118,0.30016,pinkCandle
Person19_7,2299,1083,2385,2005,0.31079,pumpkinNotes
Person19_7,1953,565,934,2512,0.29914,sign
Person19_7,1072,2040,1919,1095,0.46407,blueSunglasses
Person19_7,2592,1256,1815,2178,0.53108,stickerBox
Person19_8,1538,1406,2506,1855,0.27544,birdCall
Person19_8,87,1590,2402,1878,0.26484,canadaPencil
Person19_8,1020,1475,1296,1199,0.34857,cloudSign
Person19_8,1193,841,2420,2477,0.31902,cupcakePaper
Person19_8,363,12,4044,3456,0.53799,paperPlate
Person19_8,726,1279,2644,2189,0.29245,pumpkinNotes
Person19_8,3197,519,674,2950,0.26656,sign
Person19_8,985,2005,2074,1164,0.44605,blueSunglasses
Person19_8,2644,1129,1746,2339,0.3272,stickerBox
Person1_10,14,1704,1654,1331,0.31486,birdCall
Person1_10,1385,595,941,756,0.34418,eyeball
Person1_10,1654,414,484,1129,0.47155,pinkCandle
Person1_10,1210,11,1331,2349,0.26367,sign
Person1_10,1600,938,1116,474,0.25055,blueSunglasses
Person1_10,2245,1583,377,444,0.35128,lavenderDie
Person1_10,1936,11,2111,2137,0.34441,yellowBag
Person1_11,2904,1371,1143,1301,0.31746,birdCall
Person1_11,162,11,1721,1654,0.32551,cupcakePaper
Person1_11,619,11,780,1906,0.37005,sign
Person1_1,1479,11,1922,1583,0.33861,birdCall
Person1_1,2554,313,955,888,0.28139,eyeball
Person1_1,1855,1724,578,1079,0.34569,pinkCandle
Person1_1,14,666,1465,2309,0.42683,pumpkinNotes
Person1_1,1560,1301,1197,615,0.32564,blueSunglasses
Person1_1,14,464,1775,2268,0.38394,yellowBag
Person1_2,1828,414,1210,1492,0.26762,cloudSign
Person1_2,14,908,1412,1019,0.28889,eyeball
Person1_2,3320,1150,578,938,0.33001,pinkCandle
Person1_2,1775,968,1291,857,0.28935,redWhistle
Person1_2,2984,242,1062,2712,0.42644,sign
Person1_2,14,11,2688,1744,0.31146,yellowBag
Person1_3,726,928,1721,1321,0.32367,birdCall
Person1_3,14,646,1425,1452,0.28574,cloudSign
Person1_3,847,1785,888,545,0.25623,eyeball
Person1_3,14,11,1721,1684,0.42761,partyFavor
Person1_3,1721,807,256,1190,0.42671,pinkCandle
Person1_3,1076,1331,1533,1402,0.41137,redWhistle
Person1_3,2473,111,1103,2531,0.55821,sign
Person1_3,1237,1402,1250,414,0.26772,blueSunglasses
Person1_4,888,10,998,1396,0.34821,cloudSign
Person1_4,1029,436,746,634,0.26827,eyeball
Person1_4,1281,585,222,743,0.31071,pinkCandle
Person1_4,2087,446,777,2535,0.25358,sign
Person1_4,1200,733,827,396,0.38178,blueSunglasses
Person1_4,11,802,1744,2178,0.51116,yellowBag
Person1_5,2030,756,296,877,0.34666,pinkCandle
Person1_5,1922,605,1049,1210,0.28204,hairClip
Person1_6,417,1422,1734,1613,0.44286,birdCall
Person1_6,498,11,955,837,0.28697,cloudSign
Person1_6,2299,1926,861,706,0.27365,eyeball
Person1_6,14,11,1492,827,0.39516,metalKey
Person1_6,2890,1966,269,1039,0.49738,pinkCandle
Person1_6,202,1220,2151,1815,0.49754,pumpkinNotes
Person1_6,1909,444,1076,2591,0.4938,sign
Person1_7,2043,1109,1358,615,0.25584,eyeball
Person1_7,1600,384,1707,1986,0.50089,pumpkinNotes
Person1_7,310,11,820,1795,0.53331,sign
Person1_7,14,202,2043,1916,0.41412,silverStraw
Person1_7,1775,414,1385,1986,0.41576,yellowBalloon
Person1_7,1869,646,1183,1573,0.32095,hairClip
Person1_8,1156,706,1465,1371,0.34688,birdCall
Person1_8,1560,736,1183,1281,0.34394,cloudSign
Person1_8,1129,1008,901,807,0.3245,eyeball
Person1_8,1076,726,1600,1351,0.4062,metalKey
Person1_8,1224,1170,1304,484,0.33216,blueSunglasses
Person1_8,2460,11,1129,817,0.36974,hairClip
Person1_8,3065,91,457,444,0.30791,lavenderDie
Person1_8,1896,11,2151,2067,0.29958,yellowBag
Person1_9,1533,877,1264,1049,0.30878,metalKey
Person1_9,1936,1160,417,464,0.5115,lavenderDie
Person1_9,14,424,1949,1926,0.31167,yellowBag
Person20_10,1014,306,1707,1500,0.29402,canadaPencil
Person20_10,1720,870,1360,648,0.29504,cloudSign
Person20_10,1027,756,1680,906,0.30817,cupcakePaper
Person20_10,1880,978,1107,480,0.26008,eyeball
Person20_10,1614,840,520,492,0.33851,pinkCandle
Person20_10,2454,6,1094,1338,0.4735,sign
Person20_10,747,738,2227,1068,0.28631,vancouverCards
Person20_12,1534,72,1800,996,0.28369,birdCall
Person20_12,1774,900,1894,906,0.30955,cupcakePaper
Person20_12,1640,1314,960,330,0.34252,eyeball
Person20_12,1880,642,1667,636,0.27593,metalKey
Person20_12,2587,6,1387,888,0.34884,partyFavor
Person20_12,2214,798,400,588,0.26108,pinkCandle
Person20_12,1974,126,1494,384,0.26297,blueSunglasses
Person20_13,1200,996,1320,810,0.25454,cupcakePaper
Person20_13,14,6,614,1014,0.45905,sign
Person20_13,1907,798,2107,1008,0.28036,yellowBag
Person20_14,2774,516,1027,402,0.4643,eyeball
Person20_14,3000,558,534,294,0.28911,lavenderDie
Person20_15,960,432,1187,774,0.32506,cloudSign
Person20_15,1360,240,387,684,0.29587,pinkCandle
Person20_15,1827,6,1200,1236,0.59085,sign
Person20_15,1760,36,1827,1566,0.2731,silverStraw
Person20_16,40,150,1334,834,0.31573,cloudSign
Person20_16,2120,108,627,690,0.33483,pinkCandle
Person20_16,2827,366,934,1440,0.63896,sign
Person20_16,200,132,2174,1632,0.29736,silverStraw
Person20_17,880,6,1374,708,0.28393,cloudSign
Person20_17,1574,6,1107,390,0.30587,eyeball
Person20_17,1360,1170,427,618,0.34116,pinkCandle
Person20_17,987,162,1187,1572,0.5408,sign
Person20_18,1134,864,827,690,0.42281,cloudSign
Person20_18,2267,204,360,480,0.29361,pinkCandle
Person20_18,2254,558,920,1248,0.33781,sign
Person20_19,360,84,1254,702,0.37612,cloudSign
Person20_19,1654,348,987,456,0.2795,eyeball
Person20_19,867,6,840,942,0.43862,sign
Person20_1,1800,570,1840,1038,0.34027,cupcakePaper
Person20_1,1574,528,600,606,0.25779,pinkCandle
Person20_20,867,714,1414,744,0.26087,birdCall
Person20_20,2640,234,1267,912,0.33883,cloudSign
Person20_20,774,180,1560,1068,0.28617,partyFavor
Person20_20,3067,1134,387,672,0.36733,pinkCandle
Person20_20,694,732,1734,972,0.5027,pumpkinNotes
Person20_20,2640,498,1294,408,0.30954,blueSunglasses
Person20_20,2640,348,1320,750,0.35131,hairClip
Person20_20,654,804,1840,1002,0.28237,yellowBag
Person20_21,1574,6,1707,900,0.27623,birdCall
Person20_21,1680,696,1467,774,0.34664,cloudSign
Person20_21,800,264,1560,612,0.34349,metalKey
Person20_21,2240,900,387,660,0.29318,pinkCandle
Person20_21,707,6,1720,1416,0.43709,sign
Person20_22,587,6,1360,690,0.49962,cloudSign
Person20_22,440,6,1680,762,0.44261,partyFavor
Person20_22,1747,318,1907,1278,0.35726,pumpkinNotes
Person20_22,1747,6,1360,678,0.37389,redWhistle
Person20_22,960,324,1240,1482,0.58662,sign
Person20_22,974,198,1200,780,0.44845,hairClip
Person20_23,1040,24,1640,1092,0.30625,birdCall
Person20_23,507,294,1534,816,0.37394,cloudSign
Person20_23,374,6,1814,852,0.45477,partyFavor
Person20_23,1280,6,2734,1260,0.47986,pumpkinNotes
Person20_23,2027,186,1334,750,0.45557,redWhistle
Person20_23,1200,492,1320,1314,0.63604,sign
Person20_23,1027,216,1094,750,0.37548,hairClip
Person20_23,14,660,2054,1116,0.27182,yellowBag
Person20_24,1947,6,960,624,0.42433,cloudSign
Person20_24,2507,366,374,684,0.38412,pinkCandle
Person20_24,2280,282,880,1524,0.49285,sign
Person20_25,920,1068,1880,738,0.32576,birdCall
Person20_25,960,258,1840,1548,0.27022,canadaPencil
Person20_25,1920,6,1000,654,0.40092,cloudSign
Person20_25,2560,282,280,582,0.31402,pinkCandle
Person20_25,2254,6,907,1656,0.51087,sign
Person20_26,1254,678,1214,792,0.36524,cloudSign
Person20_26,1387,1296,374,510,0.39021,pinkCandle
Person20_26,2440,294,1120,1314,0.39383,sign
Person20_26,947,1002,1254,426,0.29497,blueSunglasses
Person20_26,787,264,387,348,0.49052,lavenderDie
Person20_27,920,6,1840,1176,0.30937,birdCall
Person20_27,1200,954,1307,762,0.34904,cloudSign
Person20_27,1947,564,347,552,0.46468,pinkCandle
Person20_27,1214,36,1294,1572,0.68768,sign
Person20_27,1280,1278,1147,396,0.25899,blueSunglasses
Person20_28,1014,24,1694,1092,0.3249,birdCall
Person20_28,1280,1014,1187,660,0.40862,cloudSign
Person20_28,1067,6,1547,780,0.25311,partyFavor
Person20_28,1920,516,454,648,0.38301,pinkCandle
Person20_28,1134,180,1400,780,0.3768,redWhistle
Person20_28,1480,114,1360,1422,0.36265,sign
Person20_28,1294,1242,1694,450,0.36265,blueSunglasses
Person20_29,1374,462,1547,984,0.27934,birdCall
Person20_29,1160,912,1400,870,0.47792,cloudSign
Person20_29,1334,996,1600,738,0.285,partyFavor
Person20_29,1947,138,374,612,0.31925,pinkCandle
Person20_29,1000,156,614,1590,0.32237,sign
Person20_29,1480,354,1320,438,0.3405,blueSunglasses
Person20_2,1894,6,1627,828,0.2853,cupcakePaper
Person20_2,854,6,307,780,0.26734,pinkCandle
Person20_2,347,6,1320,1038,0.59973,sign
Person20_2,1134,6,2574,1068,0.25659,yellowBag
Person20_4,974,426,1774,1050,0.41014,birdCall
Person20_4,147,60,574,768,0.31857,pinkCandle
Person20_4,2374,6,1254,1074,0.45598,sign
Person20_5,187,1050,494,606,0.38569,pinkCandle
Person20_5,1267,6,1174,1422,0.44627,sign
Person20_6,1907,516,454,636,0.36622,pinkCandle
Person20_6,1627,6,1040,1680,0.51597,sign
Person20_6,1147,48,1947,1548,0.25432,silverStraw
Person20_7,1987,360,1467,942,0.27362,cupcakePaper
Person20_7,1867,678,560,564,0.57247,pinkCandle
Person20_7,1587,120,1120,1656,0.6203,sign
Person20_8,2800,852,1214,954,0.28019,cupcakePaper
Person20_8,67,216,1867,990,0.28027,partyFavor
Person20_8,94,744,667,1062,0.40486,sign
Person20_8,1667,840,347,258,0.45306,lavenderDie
Person20_9,1014,828,1707,978,0.27835,canadaPencil
Person20_9,1694,714,1480,984,0.287,cloudSign
Person20_9,2307,6,1400,888,0.28831,cupcakePaper
Person20_9,1667,1362,400,444,0.46844,pinkCandle
Person20_9,2454,222,1094,1584,0.4526,sign
Person21_1,1205,1574,1807,1295,0.51354,birdCall
Person21_1,2072,409,1559,1485,0.42475,cloudSign
Person21_1,1966,668,1753,628,0.6319,eyeball
Person21_1,1116,180,443,1156,0.52557,pinkCandle
Person21_1,1364,1365,2196,1634,0.31533,pumpkinNotes
Person21_1,1328,1913,2249,1066,0.56436,redWhistle
Person21_1,1063,10,1311,2371,0.272,sign
Person21_1,1860,568,1931,1216,0.25835,trophy
Person21_1,1116,2202,1948,499,0.44223,blueSunglasses
Person21_1,2090,379,1541,1196,0.46882,hairClip
Person21_1,1877,1973,1222,987,0.36566,stickerBox
Person21_2,2409,1156,1594,897,0.38019,eyeball
Person21_2,2355,787,1771,1644,0.3516,pumpkinNotes
Person21_2,2409,1206,1559,1156,0.51166,redWhistle
Person21_2,302,827,1275,2172,0.338,sign
Person21_2,620,748,1470,1315,0.44902,hairClip
Person21_2,549,1226,3099,1773,0.31731,yellowBag
Person21_3,1010,10,2178,1196,0.25609,birdCall
Person21_3,1116,439,1877,1415,0.40759,cloudSign
Person21_3,620,907,1452,987,0.29812,eyeball
Person21_3,1488,548,443,1245,0.25728,pinkCandle
Person21_3,2958,1016,1311,1983,0.27227,sign
Person21_3,1258,80,1700,459,0.30087,blueSunglasses
Person21_3,2586,1963,479,508,0.60946,lavenderDie
Person21_4,178,1136,1506,1315,0.36061,cloudSign
Person21_4,2993,230,1169,648,0.37728,eyeball
Person21_4,762,1554,390,907,0.26875,pinkCandle
Person21_4,3152,150,886,2849,0.38869,sign
Person21_4,3329,787,1293,1226,0.50198,hairClip
Person21_4,1205,847,2497,1913,0.25476,yellowBag
Person22_1,3024,11,592,1684,0.29418,sign
Person22_1,175,1019,1076,313,0.35965,blueSunglasses
Person22_1,1922,787,431,363,0.30319,lavenderDie
Person22_2,1099,189,625,1573,0.30243,cloudSign
Person22_2,827,68,746,740,0.39193,eyeball
Person22_2,1885,14,1150,2635,0.26052,yellowBag
Person22_3,108,313,1788,2148,0.30994,birdCall
Person22_3,2541,595,928,1150,0.33374,cloudSign
Person22_3,2366,464,1318,615,0.30039,eyeball
Person22_3,1412,101,336,928,0.41003,pinkCandle
Person22_3,310,736,1412,1744,0.27198,pumpkinNotes
Person22_3,1801,1119,1250,958,0.50184,redWhistle
Person22_3,14,1815,861,1220,0.3062,sign
Person22_3,2473,394,1103,1190,0.27376,hairClip
Person22_3,2742,958,511,424,0.43207,lavenderDie
Person22_4,958,1089,1341,2151,0.44299,birdCall
Person22_4,1714,1694,615,1398,0.44142,cloudSign
Person22_4,1805,1667,847,1049,0.2513,eyeball
Person22_4,938,807,1351,1546,0.36273,metalKey
Person22_5,2594,777,1452,1654,0.4811,birdCall
Person22_5,578,353,874,1160,0.33546,cloudSign
Person22_5,3240,1059,699,696,0.46657,eyeball
Person22_5,2554,837,1492,1129,0.37716,metalKey
Person22_5,525,716,390,928,0.32882,pinkCandle
Person22_5,2097,595,1855,2016,0.27255,pumpkinNotes
Person22_5,377,414,1197,1492,0.35207,redWhistle
Person22_5,2796,1371,1022,464,0.35623,blueSunglasses
Person22_5,242,595,1008,1230,0.37455,hairClip
Person22_5,726,625,552,716,0.55136,stickerBox
Person22_6,958,81,1301,2339,0.28633,birdCall
Person22_6,787,229,1271,1560,0.36176,pumpkinNotes
Person22_6,938,81,948,659,0.28812,blueSunglasses
Person22_7,1143,958,1452,1704,0.39213,birdCall
Person22_7,1707,263,847,1381,0.41173,cloudSign
Person22_7,726,1069,1089,676,0.29741,eyeball
Person22_7,1371,1331,417,998,0.3366,pinkCandle
Person22_7,1089,888,1008,2148,0.3933,sign
Person22_7,1103,1361,350,424,0.27196,lavenderDie
Person22_8,1200,14,807,968,0.29339,eyeball
Person22_8,515,1129,898,1560,0.4162,hairClip
Person23_10,2043,827,753,756,0.38554,eyeball
Person23_10,1452,827,1425,716,0.39404,blueSunglasses
Person23_11,1775,1049,1358,1573,0.30273,birdCall
Person23_11,847,11,2111,1472,0.26813,canadaPencil
Person23_11,1519,11,1250,908,0.25896,cloudSign
Person23_11,1197,817,780,726,0.41551,eyeball
Person23_11,1197,11,1922,1230,0.56339,metalKey
Person23_11,3455,1744,283,1059,0.2937,pinkCandle
Person23_11,68,232,2406,1875,0.36593,pumpkinNotes
Person23_11,2097,615,726,2420,0.53768,sign
Person23_11,672,1119,1250,555,0.43044,blueSunglasses
Person23_11,1062,1916,1049,1119,0.46664,hairClip
Person23_11,14,877,1896,1916,0.48673,yellowBag
Person23_12,565,303,2057,1724,0.27523,birdCall
Person23_12,1224,1160,726,484,0.42201,eyeball
Person23_12,498,625,1049,2410,0.32359,sign
Person23_12,1237,1129,1277,545,0.33347,blueSunglasses
Person23_12,1371,1210,323,353,0.52216,lavenderDie
Person23_12,2164,1039,1882,1996,0.52592,yellowBag
Person23_13,1963,1714,1546,1321,0.49835,birdCall
Person23_13,1788,202,1922,1916,0.26079,canadaPencil
Person23_13,2030,2037,834,908,0.55011,eyeball
Person23_13,2191,2319,1035,323,0.25038,blueSunglasses
Person23_13,14,11,2554,2369,0.39305,yellowBag
Person23_14,1573,1482,1116,696,0.48156,eyeball
Person23_14,1680,31,404,1039,0.4572,pinkCandle
Person23_14,1963,1633,404,444,0.36827,lavenderDie
Person23_14,14,787,2554,2248,0.48063,yellowBag
Person23_15,713,121,1197,1230,0.29357,birdCall
Person23_15,1143,152,888,1573,0.35666,cloudSign
Person23_15,578,1220,2003,1815,0.26064,cupcakePaper
Person23_15,874,525,820,504,0.70124,eyeball
Person23_15,1452,696,296,958,0.28625,pinkCandle
Person23_15,740,787,1116,373,0.33832,blueSunglasses
Person23_15,1022,434,1089,1089,0.40193,hairClip
Person23_15,14,1039,2662,1996,0.45924,yellowBag
Person23_16,1143,1583,1439,1331,0.46686,birdCall
Person23_16,1143,1946,1452,636,0.31494,eyeball
Person23_16,1116,1754,995,1059,0.41248,hairClip
Person23_16,1371,1583,404,484,0.39254,lavenderDie
Person23_16,1654,666,2393,2329,0.52334,yellowBag
Person23_17,2312,1392,1734,1644,0.55998,birdCall
Person23_17,1452,152,1344,1200,0.32696,redWhistle
Person23_18,404,11,1761,1593,0.26366,canadaPencil
Person23_18,2016,625,847,1069,0.27776,cloudSign
Person23_18,1882,908,1156,565,0.29645,eyeball
Person23_18,14,11,2581,2490,0.50116,paperPlate
Person23_18,1828,1200,1237,404,0.30067,blueSunglasses
Person23_19,686,565,1801,2087,0.42428,birdCall
Person23_19,1560,11,1775,2057,0.31801,cupcakePaper
Person23_19,740,1361,1076,948,0.49315,eyeball
Person23_19,861,1190,1412,1190,0.43043,redWhistle
Person23_19,1049,1623,1049,384,0.30655,blueSunglasses
Person23_19,14,11,1734,2520,0.47412,yellowBag
Person23_1,1600,535,1734,2077,0.30106,canadaPencil
Person23_1,1734,263,888,1402,0.26077,cloudSign
Person23_1,1479,756,847,867,0.34147,eyeball
Person23_1,1197,525,2527,2137,0.42836,noisemaker
Person23_1,1963,1553,404,988,0.36409,pinkCandle
Person23_1,1533,918,1264,545,0.37062,blueSunglasses
Person23_1,2245,918,390,454,0.25384,lavenderDie
Person23_1,1089,11,2729,1140,0.25159,yellowBag
Person23_20,1358,1633,995,444,0.2676,eyeball
Person23_20,1976,666,1519,1039,0.53984,metalKey
Person23_20,2796,756,968,827,0.34292,redWhistle
Person23_20,3119,908,350,515,0.39362,lavenderDie
Person23_20,1963,595,2084,2037,0.33266,yellowBag
Person23_21,1882,676,1707,1875,0.42638,birdCall
Person23_21,1560,11,1775,1351,0.31564,canadaPencil
Person23_21,2648,1200,726,817,0.25635,eyeball
Person23_21,2258,11,404,1281,0.35194,pinkCandle
Person23_21,2057,898,1331,1402,0.75837,redWhistle
Person23_21,2191,11,1089,1704,0.54849,sign
Person23_21,2232,1109,1035,1059,0.56856,hairClip
Person23_21,14,11,2527,2168,0.33482,yellowBag
Person23_22,202,958,1600,1724,0.49355,birdCall
Person23_22,498,1492,1022,726,0.36531,eyeball
Person23_22,242,263,404,998,0.29197,pinkCandle
Person23_22,2111,11,1264,1775,0.3832,sign
Person23_22,1896,1008,1103,1250,0.25251,hairClip
Person23_22,2568,1825,350,444,0.35135,lavenderDie
Person23_22,1089,11,2729,2168,0.39377,yellowBag
Person23_23,390,918,1788,1805,0.34536,birdCall
Person23_23,54,1472,2527,1563,0.25137,canadaPencil
Person23_23,686,1523,1183,625,0.40962,eyeball
Person23_23,242,11,390,1129,0.3495,pinkCandle
Person23_23,2500,11,1062,2067,0.35946,sign
Person23_23,1103,11,2702,2148,0.35414,yellowBag
Person23_24,2635,1271,1412,1523,0.31682,birdCall
Person23_24,1949,807,1586,1603,0.38432,cloudSign
Person23_24,3468,11,269,938,0.32717,pinkCandle
Person23_24,444,11,2245,2006,0.43651,pumpkinNotes
Person23_24,404,1069,646,1966,0.32589,sign
Person23_24,1976,1291,1506,636,0.40543,blueSunglasses
Person23_25,14,1764,1425,1271,0.2519,birdCall
Person23_25,1049,867,1062,1432,0.40313,cloudSign
Person23_25,229,1896,1519,1140,0.25842,metalKey
Person23_25,14,1785,1452,1250,0.31255,partyFavor
Person23_25,2285,424,310,1109,0.29627,pinkCandle
Person23_25,955,777,699,2258,0.4124,sign
Person23_25,283,998,1425,807,0.31646,blueSunglasses
Person23_26,1371,242,1573,2672,0.25374,canadaPencil
Person23_26,1129,797,1506,1200,0.29155,metalKey
Person23_26,2003,1341,283,978,0.45221,pinkCandle
Person23_26,1492,11,780,1684,0.45535,sign
Person23_26,1963,283,2084,2208,0.41038,yellowBag
Person23_27,1506,726,699,525,0.41217,eyeball
Person23_27,1694,716,336,515,0.51266,lavenderDie
Person23_27,1062,827,2769,1966,0.29289,yellowBag
Person23_28,14,666,1519,1845,0.36411,canadaPencil
Person23_28,1519,1160,1250,1341,0.26459,cloudSign
Person23_28,1183,948,740,474,0.42769,eyeball
Person23_28,1062,11,457,797,0.32301,pinkCandle
Person23_28,310,11,847,2420,0.42359,sign
Person23_28,14,686,1761,1815,0.27309,silverStraw
Person23_28,14,726,2688,2188,0.30807,vancouverCards
Person23_29,552,1160,874,867,0.32024,cloudSign
Person23_29,834,2218,323,817,0.325,pinkCandle
Person23_29,14,777,2191,1613,0.28821,pumpkinNotes
Person23_29,162,726,1654,1341,0.88976,redWhistle
Person23_29,363,877,753,2158,0.4727,sign
Person23_29,1344,968,2702,2067,0.4877,yellowBag
Person23_2,1533,1250,1264,1170,0.34433,birdCall
Person23_2,471,1331,1640,1412,0.39547,cloudSign
Person23_2,525,1684,995,736,0.33643,eyeball
Person23_2,1103,1472,1546,1150,0.26985,metalKey
Person23_2,1143,1664,283,767,0.25985,pinkCandle
Person23_2,1170,1613,1398,454,0.45158,blueSunglasses
Person23_2,1022,1795,498,515,0.27775,lavenderDie
Person23_2,646,1633,2433,1402,0.25609,yellowBag
Person23_30,2460,1119,1143,565,0.28722,eyeball
Person23_30,2111,545,1828,2490,0.33623,sign
Person23_30,27,696,2554,2258,0.28752,yellowBag
Person23_31,955,1502,2406,1512,0.26957,birdCall
Person23_31,2299,696,874,918,0.34308,cloudSign
Person23_31,1694,1573,901,988,0.39765,eyeball
Person23_31,2796,222,1250,1482,0.45783,metalKey
Person23_31,2433,847,578,1089,0.38806,pinkCandle
Person23_31,1022,1633,1654,1250,0.84925,redWhistle
Person23_31,2433,373,592,2440,0.33775,sign
Person23_31,2366,767,1304,817,0.36394,blueSunglasses
Person23_31,2352,736,1694,2198,0.37597,yellowBag
Person23_32,1385,1079,914,1029,0.32295,cloudSign
Person23_32,1103,857,1546,1079,0.25556,metalKey
Person23_32,1103,2097,377,938,0.29138,pinkCandle
Person23_32,54,11,1331,1714,0.5634,sign
Person23_32,1183,1432,1385,353,0.34447,blueSunglasses
Person23_33,14,1019,901,1170,0.43181,cloudSign
Person23_34,175,676,3428,1815,0.48115,canadaPencil
Person23_34,1318,1109,1680,1019,0.44889,metalKey
Person23_34,1237,746,713,2289,0.3127,sign
Person23_35,1237,11,1264,1109,0.31681,cloudSign
Person23_35,1318,636,1062,636,0.28283,eyeball
Person23_35,1385,474,404,998,0.2686,pinkCandle
Person23_35,914,484,1344,2551,0.57919,sign
Person23_35,1990,968,283,414,0.28421,lavenderDie
Person23_36,14,1644,995,1210,0.27266,cloudSign
Person23_36,2608,242,242,978,0.2737,pinkCandle
Person23_36,3105,101,941,2934,0.27195,sign
Person23_37,2594,132,283,817,0.30481,pinkCandle
Person23_37,2326,11,834,1775,0.29909,sign
Person23_37,2541,11,995,908,0.27152,hairClip
Person23_38,2594,2117,269,726,0.269,pinkCandle
Person23_38,283,333,2016,2531,0.33279,pumpkinNotes
Person23_38,135,11,578,2389,0.25561,sign
Person23_39,2258,686,914,2349,0.38473,sign
Person23_3,1331,948,1613,1341,0.3182,cloudSign
Person23_3,1680,414,1533,1583,0.34326,partyFavor
Person23_3,2527,1129,404,968,0.37517,pinkCandle
Person23_3,2111,252,1264,2692,0.57682,sign
Person23_3,2756,11,1116,948,0.42243,hairClip
Person23_3,3038,31,484,555,0.54985,lavenderDie
Person23_3,14,11,2272,1583,0.40473,yellowBag
Person23_40,2406,898,1640,1361,0.25551,canadaPencil
Person23_40,2245,1119,1022,615,0.30376,eyeball
Person23_40,2245,404,1801,1956,0.26756,noisemaker
Person23_40,2742,968,1089,1240,0.25329,redWhistle
Person23_40,2568,726,955,2309,0.3273,sign
Person23_41,14,11,941,1865,0.34667,sign
Person23_42,14,847,2742,2188,0.2783,canadaPencil
Person23_42,1008,11,1694,1170,0.25221,cloudSign
Person23_42,2070,11,1909,1603,0.32157,partyFavor
Person23_42,1331,857,1089,2178,0.49619,sign
Person23_42,1734,1311,1412,1724,0.31476,stickerBox
Person23_43,1990,1129,901,605,0.35751,eyeball
Person23_43,1049,636,2836,1946,0.30598,noisemaker
Person23_43,1976,1039,390,1140,0.28965,pinkCandle
Person23_43,2850,11,928,1502,0.29388,sign
Person23_43,3145,1835,283,394,0.32603,lavenderDie
Person23_43,14,132,2299,2087,0.26159,yellowBag
Person23_44,2326,1371,807,545,0.32597,eyeball
Person23_44,3334,11,538,908,0.2797,pinkCandle
Person23_44,2904,11,1143,1946,0.43055,sign
Person23_44,3172,2077,256,333,0.46584,lavenderDie
Person23_44,14,11,2299,2198,0.30878,yellowBag
Person23_45,2218,1412,982,1240,0.3841,cloudSign
Person23_45,2648,1714,713,686,0.30563,eyeball
Person23_45,1990,1875,363,1160,0.32506,pinkCandle
Person23_45,1707,1079,901,1956,0.36988,sign
Person23_45,2487,1573,431,515,0.29308,lavenderDie
Person23_45,632,11,2487,1694,0.45356,yellowBag
Person23_46,350,11,1304,797,0.33361,eyeball
Person23_46,820,1472,1519,1563,0.25397,metalKey
Person23_46,2514,716,1008,2319,0.41588,sign
Person23_47,363,1885,1855,1150,0.42531,birdCall
Person23_47,1277,817,1775,2027,0.38676,cupcakePaper
Person23_47,1452,2329,861,706,0.32854,eyeball
Person23_47,189,1966,1613,1069,0.36637,trophy
Person23_47,296,1906,1412,1129,0.33657,hairClip
Person23_47,1344,11,2702,1724,0.36265,yellowBag
Person23_48,256,525,901,888,0.39186,eyeball
Person23_48,2352,11,1344,1875,0.26385,sign
Person23_48,14,384,968,1210,0.4093,hairClip
Person23_48,202,686,431,565,0.575,lavenderDie
Person23_49,2594,2037,888,464,0.39312,eyeball
Person23_49,2608,2137,767,222,0.31525,blueSunglasses
Person23_49,2554,1754,968,1049,0.3138,hairClip
Person23_49,2796,1936,444,625,0.61375,lavenderDie
Person23_49,14,11,2447,1664,0.43246,yellowBag
Person23_4,377,373,2420,2037,0.26114,birdCall
Person23_4,1277,11,1183,1492,0.28475,cloudSign
Person23_4,1116,1926,377,1109,0.26821,pinkCandle
Person23_4,874,797,1949,2037,0.26278,pumpkinNotes
Person23_4,2648,81,1304,2611,0.47901,sign
Person23_4,1506,646,1277,636,0.27793,blueSunglasses
Person23_50,2285,2218,310,817,0.37472,pinkCandle
Person23_50,1734,1694,1439,1341,0.58929,sign
Person23_50,1398,928,363,484,0.57795,lavenderDie
Person23_51,1613,11,1654,1230,0.3683,birdCall
Person23_51,14,11,1600,1392,0.31314,cupcakePaper
Person23_51,1318,242,1076,615,0.39209,eyeball
Person23_51,1775,1442,1304,333,0.25002,blueSunglasses
Person23_52,1640,1140,444,494,0.37923,lavenderDie
Person23_52,14,11,1922,1825,0.25526,yellowBag
Person23_53,1183,2127,753,696,0.25332,eyeball
Person23_53,3092,615,955,2389,0.28844,sign
Person23_53,1103,2208,377,515,0.37161,lavenderDie
Person23_53,1156,1644,1990,1392,0.25056,yellowBag
Person23_54,1008,1462,1721,1573,0.28062,cupcakePaper
Person23_54,2971,11,1076,1795,0.36233,sign
Person23_54,1049,1603,404,454,0.49207,lavenderDie
Person23_54,820,1069,2097,1946,0.35753,yellowBag
Person23_55,1116,1664,1506,1371,0.30251,cloudSign
Person23_55,457,464,1707,1442,0.31313,cupcakePaper
Person23_55,14,11,820,767,0.29015,eyeball
Person23_55,914,1512,1909,1523,0.46381,partyFavor
Person23_55,1412,1019,928,2016,0.33131,sign
Person23_55,1398,918,336,525,0.58727,lavenderDie
Person23_56,3213,1936,780,676,0.34707,eyeball
Person23_57,1156,1674,1439,1361,0.43151,cloudSign
Person23_57,2043,1754,1398,1281,0.27622,cupcakePaper
Person23_57,1654,1381,1586,1381,0.28867,partyFavor
Person23_57,1654,1543,2178,1492,0.3387,pumpkinNotes
Person23_57,807,1210,1519,1210,0.30757,redWhistle
Person23_57,444,11,1116,1674,0.37827,sign
Person23_57,3387,726,350,484,0.39403,lavenderDie
Person23_58,2473,1220,1573,1644,0.27541,birdCall
Person23_58,229,1371,1519,958,0.32868,eyeball
Person23_58,14,968,2151,2067,0.50394,pumpkinNotes
Person23_58,2568,1281,1412,1492,0.29413,redWhistle
Person23_58,1667,11,968,1704,0.25181,sign
Person23_58,269,1996,1479,515,0.25648,blueSunglasses
Person23_58,3051,1563,444,504,0.44967,lavenderDie
Person23_59,1492,11,1963,1593,0.42686,pumpkinNotes
Person23_59,901,11,780,2027,0.48772,sign
Person23_59,1949,1331,1546,535,0.2795,blueSunglasses
Person23_5,1385,192,1546,1523,0.37253,birdCall
Person23_5,2245,1684,1519,1351,0.3792,cloudSign
Person23_5,834,2198,901,595,0.32699,eyeball
Person23_5,2904,11,1143,2178,0.52228,sign
Person23_5,2258,474,1533,545,0.29681,blueSunglasses
Person23_60,2232,1281,1049,696,0.55885,eyeball
Person23_60,1062,11,1035,1865,0.41193,sign
Person23_60,2514,1351,404,525,0.6454,lavenderDie
Person23_62,1560,273,1775,1845,0.26957,cupcakePaper
Person23_62,269,444,3213,2591,0.27054,paperPlate
Person23_62,874,11,834,1946,0.34239,sign
Person23_63,471,11,1627,1916,0.25351,cupcakePaper
Person23_63,1734,888,2312,2148,0.46604,yellowBag
Person23_64,363,11,1237,1502,0.29906,cloudSign
Person23_64,2406,777,1197,807,0.31237,eyeball
Person23_64,1103,847,404,1129,0.25651,pinkCandle
Person23_64,1210,303,1869,2611,0.68886,pumpkinNotes
Person23_64,3119,11,928,1896,0.35108,sign
Person23_64,1103,535,1600,2158,0.51006,yellowBalloon
Person23_64,1197,777,1936,1654,0.45801,yellowBag
Person23_65,498,11,1586,1492,0.34355,birdCall
Person23_65,1062,1412,511,837,0.32132,pinkCandle
Person23_66,2433,948,1613,1764,0.27327,cupcakePaper
Person23_66,95,1200,1815,1835,0.45932,sign
Person23_66,2084,676,1963,2289,0.51402,yellowBag
Person23_67,1640,968,484,888,0.32305,pinkCandle
Person23_67,1452,857,2003,1926,0.25149,pumpkinNotes
Person23_67,14,666,2608,2339,0.40963,yellowBag
Person23_68,1358,1019,484,807,0.32664,pinkCandle
Person23_68,3213,11,753,2440,0.25828,sign
Person23_68,14,696,1909,2268,0.417,yellowBag
Person23_69,1748,837,1398,1523,0.28739,birdCall
Person23_69,108,11,1197,1039,0.29174,cloudSign
Person23_69,565,11,2030,2006,0.27511,cupcakePaper
Person23_69,1264,394,1775,2057,0.32769,partyFavor
Person23_69,1654,11,444,1140,0.29249,pinkCandle
Person23_69,1439,21,874,2712,0.52886,sign
Person23_69,323,525,2500,2158,0.29772,silverStraw
Person23_69,336,787,2500,2248,0.29151,vancouverCards
Person23_70,767,1210,1654,1654,0.37314,birdCall
Person23_70,1116,1543,914,605,0.28963,eyeball
Person23_70,2043,11,1398,2117,0.61615,sign
Person23_70,861,1462,861,1200,0.31145,hairClip
Person23_70,1197,273,2473,2218,0.29844,yellowBag
Person23_71,2178,283,1721,2218,0.26443,cupcakePaper
Person23_71,1439,232,2608,2742,0.27134,yellowBag
Person23_72,2111,1744,672,1069,0.49523,pinkCandle
Person23_72,417,11,2326,2228,0.47793,yellowBag
Person23_73,1479,363,1963,2440,0.30372,canadaPencil
Person23_73,1654,2228,457,807,0.33285,pinkCandle
Person23_73,1035,1664,1680,1371,0.39314,sign
Person23_74,2662,716,1385,1764,0.32036,birdCall
Person23_74,1707,817,861,706,0.51903,cloudSign
Person23_74,1963,384,941,756,0.34217,eyeball
Person23_74,2366,1180,1318,1855,0.3413,sign
Person23_74,1882,807,1103,293,0.32736,blueSunglasses
Person23_74,2016,454,874,1109,0.53245,hairClip
Person23_74,14,11,2406,1563,0.38555,yellowBag
Person23_75,14,898,1506,1835,0.4602,birdCall
Person23_75,1694,11,377,1129,0.3898,pinkCandle
Person23_75,1277,11,1210,2047,0.68579,sign
Person23_76,457,444,1667,1936,0.45596,cupcakePaper
Person23_76,41,11,2473,2762,0.42731,paperPlate
Person23_76,1976,595,2043,1996,0.33082,pumpkinNotes
Person23_76,242,1260,955,1775,0.36317,sign
Person23_76,1089,1785,968,504,0.29612,blueSunglasses
Person23_77,874,555,2003,1644,0.49356,birdCall
Person23_77,1049,998,1022,1180,0.28887,cloudSign
Person23_77,1533,877,1224,1492,0.33984,cupcakePaper
Person23_77,1197,1180,1371,857,0.35129,blueSunglasses
Person23_78,1035,736,3011,2158,0.38768,silverStraw
Person23_78,1103,1835,363,424,0.30437,lavenderDie
Person23_79,1734,1523,807,1049,0.29825,eyeball
Person23_79,914,1190,1385,1744,0.36438,pumpkinNotes
Person23_79,1197,11,1358,1593,0.29988,sign
Person23_79,1842,1523,1170,1099,0.25984,hairClip
Person23_7,1237,1059,686,726,0.26564,eyeball
Person23_7,2514,1089,404,1049,0.34891,pinkCandle
Person23_7,1371,1210,363,404,0.91488,lavenderDie
Person23_7,1156,11,2890,1674,0.4723,yellowBag
Person23_80,1264,968,1788,2067,0.49567,cupcakePaper
Person23_80,1183,1825,807,918,0.3645,eyeball
Person23_80,1076,313,2715,2722,0.55941,paperPlate
Person23_80,1224,847,2420,1976,0.26878,pumpkinNotes
Person23_80,1775,1180,1358,898,0.37068,blueSunglasses
Person23_81,323,31,1371,1432,0.37859,cloudSign
Person23_81,672,1019,1801,1623,0.37059,cupcakePaper
Person23_81,1412,1200,363,1260,0.25468,pinkCandle
Person23_81,659,11,699,1865,0.37338,sign
Person23_82,753,1523,1062,1432,0.26112,cloudSign
Person23_82,1479,656,1358,1916,0.60502,cupcakePaper
Person23_82,995,877,2339,1865,0.29748,pumpkinNotes
Person23_82,135,11,1761,1422,0.51162,sign
Person23_83,1210,1613,713,837,0.25334,cloudSign
Person23_83,646,263,1869,2289,0.586,cupcakePaper
Person23_83,780,384,1049,1190,0.28469,eyeball
Person23_83,148,273,2809,2591,0.75851,paperPlate
Person23_83,3401,1240,417,1170,0.36658,pinkCandle
Person23_83,457,202,2218,1976,0.47255,pumpkinNotes
Person23_83,2299,303,1452,2591,0.31,sign
Person23_83,1008,1825,1183,444,0.34417,blueSunglasses
Person23_8,820,1129,1533,1381,0.33101,birdCall
Person23_8,1049,1512,1062,666,0.32294,eyeball
Person23_8,1439,1633,901,384,0.27294,blueSunglasses
Person23_8,1627,1543,390,535,0.77004,lavenderDie
Person23_8,1976,11,2070,1523,0.52553,yellowBag
Person23_9,1129,958,928,918,0.47301,eyeball
Person23_9,1452,1150,847,504,0.3448,blueSunglasses
Person23_9,1371,877,995,1089,0.35494,hairClip
Person23_9,1667,1160,336,494,0.79212,lavenderDie
Person23_9,14,918,2702,2117,0.51701,yellowBag
Person24_10,175,1059,2245,1512,0.26837,birdCall
Person24_10,1694,1271,874,716,0.31195,eyeball
Person24_10,14,1734,1465,1301,0.262,sign
Person24_10,699,1623,1210,424,0.35955,blueSunglasses
Person24_10,1358,1140,1035,998,0.36372,hairClip
Person24_10,1667,1381,377,444,0.58356,lavenderDie
Person24_10,1761,857,2285,2178,0.30831,yellowBag
Person24_11,175,1059,2245,1512,0.26837,birdCall
Person24_11,1694,1271,874,716,0.31195,eyeball
Person24_11,14,1734,1465,1301,0.262,sign
Person24_11,699,1623,1210,424,0.35955,blueSunglasses
Person24_11,1358,1140,1035,998,0.36372,hairClip
Person24_11,1667,1381,377,444,0.58356,lavenderDie
Person24_11,1761,857,2285,2178,0.30831,yellowBag
Person24_12,2742,555,1116,857,0.25394,eyeball
Person24_12,2527,1079,417,1079,0.31219,pinkCandle
Person24_12,1116,1170,941,1865,0.35504,sign
Person24_12,1022,1633,1143,373,0.30555,blueSunglasses
Person24_13,2742,555,1116,857,0.25394,eyeball
Person24_13,2527,1079,417,1079,0.31219,pinkCandle
Person24_13,1116,1170,941,1865,0.35504,sign
Person24_13,1022,1633,1143,373,0.30555,blueSunglasses
Person24_14,,,1020,1152,0.32408,cloudSign
Person24_14,,,1193,899,0.4998,eyeball
Person24_14,,,1746,1579,0.32921,metalKey
Person24_14,,,277,1129,0.26407,pinkCandle
Person24_14,,,2852,1648,0.39127,pumpkinNotes
Person24_14,,,2281,1625,0.45948,redWhistle
Person24_14,,,1884,1982,0.4457,trophy
Person24_14,,,1452,1325,0.41357,hairClip
Person24_14,,,1383,1613,0.3103,stickerBox
Person24_14,,,3042,2673,0.4592,yellowBag
Person24_1,1654,2107,982,756,0.5118,eyeball
Person24_1,565,928,336,948,0.34388,pinkCandle
Person24_1,1506,1623,1277,1412,0.30638,pumpkinNotes
Person24_1,592,1039,1425,293,0.33822,blueSunglasses
Person24_2,336,81,1358,1301,0.37506,cloudSign
Person24_2,2191,172,1103,1210,0.39243,eyeball
Person24_2,901,263,242,988,0.31016,pinkCandle
Person24_2,1909,21,2137,1865,0.30555,pumpkinNotes
Person24_3,95,535,1250,1250,0.51173,cloudSign
Person24_3,2568,273,310,1432,0.30787,pinkCandle
Person24_3,820,666,982,2369,0.39233,sign
Person24_3,14,928,1439,484,0.39339,blueSunglasses
Person24_3,592,827,834,1140,0.39056,stickerBox
Person24_4,2218,1291,1022,1039,0.47949,cloudSign
Person24_4,2178,1724,1143,646,0.37554,eyeball
Person24_4,1882,706,1694,1442,0.26981,partyFavor
Person24_4,2581,464,310,1049,0.31012,pinkCandle
Person24_4,2003,1472,1425,1119,0.32809,redWhistle
Person24_4,457,767,1089,2268,0.32521,sign
Person24_4,1936,1049,1600,1986,0.3675,trophy
Person24_4,457,938,1129,464,0.38905,blueSunglasses
Person24_4,2178,1502,1089,1140,0.69456,hairClip
Person24_4,2245,1341,982,1432,0.33419,stickerBox
Person24_5,202,11,1035,1049,0.31739,cloudSign
Person24_5,672,323,646,877,0.42595,eyeball
Person24_5,2245,303,404,1341,0.43885,pinkCandle
Person24_5,1734,535,1385,1271,0.40657,redWhistle
Person24_5,1922,847,511,1936,0.40955,sign
Person24_5,672,454,1237,575,0.36975,blueSunglasses
Person24_5,444,232,1129,1079,0.30616,hairClip
Person24_5,2191,928,1855,1825,0.37904,yellowBag
Person24_6,1304,1200,1224,1250,0.2563,cupcakePaper
Person24_6,2433,1039,1116,777,0.26801,eyeball
Person24_6,2863,938,336,968,0.30785,pinkCandle
Person24_6,955,787,1882,2067,0.68424,pumpkinNotes
Person24_6,2003,1523,1452,605,0.31777,blueSunglasses
Person24_7,2460,767,1116,1250,0.41015,cloudSign
Person24_7,2352,454,1331,1462,0.26907,cupcakePaper
Person24_7,3119,716,350,958,0.28321,pinkCandle
Person24_7,2258,353,1788,1654,0.34412,pumpkinNotes
Person24_7,2514,1200,1022,384,0.28994,blueSunglasses
Person24_8,1385,384,2662,1976,0.33875,canadaPencil
Person24_8,81,11,1224,938,0.29871,cloudSign
Person24_8,1344,11,1654,2329,0.47525,sign
Person24_8,820,484,3226,1381,0.4265,silverStraw
Person24_9,1385,384,2662,1976,0.33875,canadaPencil
Person24_9,81,11,1224,938,0.29871,cloudSign
Person24_9,1344,11,1654,2329,0.47525,sign
Person24_9,820,484,3226,1381,0.4265,silverStraw
Person25_10,928,41,1331,1845,0.2592,cupcakePaper
Person25_10,1331,1442,2218,1593,0.42678,metalKey
Person25_10,2258,1482,323,1150,0.41015,pinkCandle
Person25_10,1600,686,1116,2349,0.52004,sign
Person25_10,686,283,1224,1432,0.34756,hairClip
Person25_11,310,323,3723,2097,0.45248,canadaPencil
Person25_11,1237,595,2420,2006,0.31506,noisemaker
Person25_11,1842,797,605,1240,0.36924,pinkCandle
Person25_11,1049,555,2769,1654,0.25367,silverStraw
Person25_12,2473,1361,1049,1321,0.42993,cloudSign
Person25_12,2460,1512,1129,666,0.40386,eyeball
Person25_12,525,1079,390,1049,0.35223,pinkCandle
Person25_12,189,91,1062,2591,0.33921,sign
Person25_12,2500,1019,1062,1654,0.26835,stickerBox
Person25_13,1156,585,1412,1583,0.32336,cloudSign
Person25_13,256,101,914,898,0.57771,eyeball
Person25_13,1452,1190,296,847,0.26409,pinkCandle
Person25_13,14,978,1896,2057,0.44986,pumpkinNotes
Person25_13,1264,1019,1156,1190,0.33209,redWhistle
Person25_13,14,756,2043,2137,0.39225,yellowBag
Person25_14,1748,807,1344,1573,0.29023,cloudSign
Person25_14,1560,1321,1264,615,0.38651,eyeball
Person25_14,1398,111,323,908,0.43302,pinkCandle
Person25_14,1519,1240,1264,1160,0.33732,redWhistle
Person25_14,861,11,1465,1815,0.58192,sign
Person25_14,1909,1381,484,464,0.30834,lavenderDie
Person25_15,1519,1301,1277,1472,0.50641,cloudSign
Person25_15,2339,2117,780,716,0.31881,eyeball
Person25_15,2205,1230,484,1200,0.29995,pinkCandle
Person25_15,1721,1563,1412,1371,0.30889,redWhistle
Person25_15,242,11,1519,2289,0.5768,sign
Person25_15,1828,2037,1237,424,0.36613,blueSunglasses
Person25_15,2043,1472,793,1170,0.53611,stickerBox
Person25_15,2030,11,2016,2077,0.31719,yellowBag
Person25_16,605,1069,1963,1946,0.31567,birdCall
Person25_16,2527,444,1519,1835,0.30957,canadaPencil
Person25_16,861,384,1412,1563,0.29563,cloudSign
Person25_16,820,11,2137,1764,0.40064,cupcakePaper
Person25_16,1412,1059,914,686,0.52447,eyeball
Person25_16,14,11,3508,3024,0.35042,paperPlate
Person25_16,753,978,2232,2057,0.49654,pumpkinNotes
Person25_16,1170,1059,1412,686,0.41978,blueSunglasses
Person25_16,1600,11,1654,1472,0.41463,stickerBox
Person25_16,874,11,1990,1835,0.26437,yellowBag
Person25_17,525,1059,1573,1533,0.39756,birdCall
Person25_17,27,11,1990,2027,0.26796,trophy
Person25_17,1318,11,2729,1946,0.26421,yellowBag
Person25_18,444,404,1129,1976,0.27947,cupcakePaper
Person25_18,471,11,457,1089,0.27105,pinkCandle
Person25_18,525,11,995,2440,0.34748,sign
Person25_18,1103,636,1533,1553,0.3598,trophy
Person25_18,1277,615,1156,1210,0.31811,hairClip
Person25_19,1976,1019,1546,2016,0.51139,birdCall
Person25_19,1170,303,2003,2168,0.35879,sign
Person25_1,928,1160,1896,1754,0.41229,birdCall
Person25_1,2326,1331,1398,1704,0.27139,canadaPencil
Person25_1,1506,2127,1291,767,0.32018,eyeball
Person25_1,726,11,2326,2208,0.54531,pumpkinNotes
Person25_1,1143,1936,1492,605,0.39342,blueSunglasses
Person25_1,1828,61,1815,1855,0.37392,stickerBox
Person25_20,2003,384,1465,1180,0.49105,metalKey
Person25_20,1062,172,1613,1644,0.32536,partyFavor
Person25_20,2447,1200,565,847,0.49299,pinkCandle
Person25_20,1990,293,1479,2601,0.71925,sign
Person25_21,1694,1200,1519,1694,0.30662,birdCall
Person25_21,1573,1099,1156,1452,0.41127,cloudSign
Person25_21,1586,1341,1707,1422,0.40048,metalKey
Person25_21,1680,1392,1506,1371,0.43557,partyFavor
Person25_21,1801,1230,753,1220,0.39998,pinkCandle
Person25_21,2151,11,1896,1835,0.44576,pumpkinNotes
Person25_21,1949,1029,1586,2006,0.49327,sign
Person25_21,1425,1744,2057,1029,0.37457,blueSunglasses
Person25_21,1586,1281,1156,1140,0.32605,hairClip
Person25_21,2272,11,1775,2218,0.25736,yellowBag
Person25_22,1170,1533,1963,1452,0.43567,birdCall
Person25_22,41,484,1909,2178,0.28784,canadaPencil
Person25_22,1963,807,1533,1583,0.5203,cloudSign
Person25_22,2796,2218,1008,545,0.27786,eyeball
Person25_22,1869,918,1721,1392,0.53053,metalKey
Person25_22,2541,434,377,1079,0.42183,pinkCandle
Person25_22,2326,1281,1721,1754,0.5415,pumpkinNotes
Person25_22,2164,11,1129,2127,0.56459,sign
Person25_22,2715,1462,1331,1573,0.26474,trophy
Person25_22,1035,1371,1680,928,0.37685,blueSunglasses
Person25_22,2420,11,1197,877,0.31109,hairClip
Person25_22,2688,1603,1237,1432,0.46249,stickerBox
Person25_23,2366,384,1318,1573,0.27756,birdCall
Person25_23,2124,152,1224,1160,0.48792,cloudSign
Person25_23,2621,202,740,736,0.32779,eyeball
Person25_23,1586,595,1721,1603,0.38317,metalKey
Person25_23,874,11,3119,2500,0.2528,noisemaker
Person25_23,1788,11,1882,1150,0.4306,partyFavor
Person25_23,1896,918,498,1432,0.53595,pinkCandle
Person25_23,1627,424,1076,2329,0.5953,sign
Person25_23,538,1220,2124,1815,0.28462,trophy
Person25_23,1089,1946,1022,1089,0.665,hairClip
Person25_23,1358,2168,471,595,0.69549,lavenderDie
Person25_23,1882,1099,2164,1896,0.39214,yellowBag
Person25_24,646,1029,2460,2006,0.49666,pumpkinNotes
Person25_24,14,11,1439,2137,0.32159,trophy
Person25_24,189,646,1062,1150,0.5827,hairClip
Person25_24,793,938,390,484,0.77166,lavenderDie
Person25_24,216,646,2756,2359,0.51139,yellowBag
Person25_25,14,736,888,2299,0.27377,sign
Person25_25,1533,11,1855,1855,0.38975,trophy
Person25_25,2205,343,1049,1311,0.76113,hairClip
Person25_25,1331,454,2245,2309,0.39395,yellowBag
Person25_26,3266,1523,619,978,0.28013,cloudSign
Person25_26,256,474,1506,1432,0.26735,metalKey
Person25_26,444,444,1694,1492,0.30144,partyFavor
Person25_26,525,2137,390,898,0.31133,pinkCandle
Person25_26,1667,1230,1573,1180,0.3274,redWhistle
Person25_26,135,11,1197,2158,0.25246,sign
Person25_2,861,1059,2043,1976,0.36959,birdCall
Person25_2,1828,1381,1828,1654,0.26913,canadaPencil
Person25_2,1452,232,1479,1946,0.33267,cupcakePaper
Person25_2,1586,1240,1183,767,0.25254,eyeball
Person25_2,498,11,3280,2420,0.87532,paperPlate
Person25_2,1076,11,2164,2047,0.4915,pumpkinNotes
Person25_2,1318,1089,1667,615,0.34115,blueSunglasses
Person25_2,1586,313,1721,2198,0.48597,stickerBox
Person25_3,162,1472,1089,1119,0.26113,cloudSign
Person25_3,578,11,2030,2470,0.5452,sign
Person25_4,1371,504,1613,2531,0.28791,sign
Person25_4,511,11,2742,1835,0.43017,yellowBag
Person25_5,1143,11,1452,1250,0.41963,birdCall
Person25_5,1035,11,1680,1613,0.29271,cupcakePaper
Person25_5,1089,706,1533,1392,0.3845,pumpkinNotes
Person25_6,1398,11,1560,1644,0.3027,pumpkinNotes
Person25_6,578,222,1439,2329,0.50589,sign
Person25_7,1425,1825,283,908,0.36816,pinkCandle
Person25_7,955,1160,2420,1875,0.5482,sign
Person25_7,726,1835,1170,898,0.25507,hairClip
Person25_8,767,1533,444,1049,0.26363,pinkCandle
Person25_8,1250,968,1788,1674,0.29584,pumpkinNotes
Person25_8,2084,555,1909,2480,0.45136,sign
Person25_9,283,807,3764,1956,0.25045,canadaPencil
Person25_9,1412,1331,2070,1432,0.47036,metalKey
Person25_9,1990,1381,296,928,0.30417,pinkCandle
Person25_9,1304,615,1143,2420,0.46691,sign
Person25_9,471,11,2769,1654,0.28958,yellowBag
Person26_1,620,689,1014,1063,0.42885,birdCall
Person26_1,548,61,1151,1015,0.31609,canadaPencil
Person26_1,1497,592,588,731,0.35167,cloudSign
Person26_1,121,852,620,508,0.30493,eyeball
Person26_1,1505,532,258,616,0.34553,pinkCandle
Person26_1,161,7,540,1093,0.33317,sign
Person26_1,741,876,749,435,0.38355,blueSunglasses
Person26_1,1272,544,725,628,0.30999,hairClip
Person26_2,127,782,411,596,0.31941,cloudSign
Person26_2,77,734,325,488,0.42369,eyeball
Person26_2,59,632,366,698,0.35046,hairClip
Person26_2,73,1305,136,331,0.45055,lavenderDie
Person26_3,353,399,365,624,0.32445,birdCall
Person26_3,518,573,200,282,0.32328,eyeball
Person26_3,556,588,123,455,0.30786,pinkCandle
Person26_3,342,552,384,506,0.32263,redWhistle
Person26_3,560,460,595,716,0.54418,silverStraw
Person26_3,273,404,522,629,0.25458,trophy
Person26_3,441,409,342,639,0.39543,hairClip
Person26_4,96,566,827,1117,0.26704,birdCall
Person26_4,234,650,541,940,0.35353,cloudSign
Person26_4,684,283,350,516,0.3413,eyeball
Person26_4,281,756,668,1039,0.40562,pumpkinNotes
Person26_4,477,1159,520,834,0.40574,redWhistle
Person26_4,202,1102,615,347,0.30882,blueSunglasses
Person26_4,371,940,504,1011,0.50966,stickerBox
Person26_5,606,66,1238,1120,0.43889,birdCall
Person26_5,861,540,1062,1014,0.41156,cloudSign
Person26_5,1317,626,185,850,0.27295,pinkCandle
Person26_5,650,7,1501,1245,0.63087,pumpkinNotes
Person26_5,878,165,1062,955,0.45674,hairClip
